comune,pro_com_t,den_prov,ordinanza_trovata,tipo_trovato,numero_ordinanza,data_ordinanza,tipo_restrizione,fonte_url,note
Buseto Palizzolo,081002,Trapani,false,,,,,https://www.comune.busetopalizzolo.tp.it/it/news/avviso-alla-cittadinanza-acqua-non-potabile,"Trovata solo ordinanza di non potabilità n.37 del 29/11/2024 (emergenza salmonella da diga Garcia), non un'ordinanza di risparmio idrico. Comune nella provincia di Trapani inclusa nell'emergenza regionale (delibera GR n.100/2023). Nessuna evidenza di ordinanza risparmio idrico specifica per il 2024."
Calatafimi-Segesta,081003,Trapani,true,notizia_ordinanza,,2024-05,"Divieto uso acqua potabile per lavaggio auto, innaffiatura, piscine",https://trapani.gds.it/articoli/politica/2024/05/09/ordinanza-anti-sprechi-a-trapani-vietato-usare-acqua-potabile-per-lavare-le-auto-o-innaffiare-le-piante-fc1fe25c-8e76-4693-82fa-ea7c8efe673d/,Citato nell'articolo del Giornale di Sicilia (09/05/2024) tra i comuni della provincia di Trapani che avevano già emesso ordinanza anti-spreco prima del capoluogo. Nessun numero di ordinanza né URL diretto trovato. Evidenza indiretta attraverso fonte giornalistica affidabile.
Favignana,081009,Trapani,true,ordinanza_sindacale,,2024-03-09,Divieto prelievo e consumo acqua potabile per: lavaggio aree cortilizie e veicoli privati; riempimento fontane ornamentali e piscine; uso pompe elettriche per prelievo da rete idrica. Irrigazione consentita solo 22:00-06:00 max 60 minuti.,https://www.comune.favignana.tp.it/it/news/grave-situazione-di-siccita-regionale-ordinanza-urgente-del-sindaco-al-fine-di-garantire-il-risparmio-dell-acqua,Ordinanza urgente del sindaco Francesco Forgione del 9 marzo 2024. Trovata su sito istituzionale del Comune di Favignana. Una delle prime ordinanze risparmio idrico della stagione in provincia di Trapani.
Paceco,081013,Trapani,true,notizia_ordinanza,,2024-04,Divieto irrigazione piante balcone/giardino (consentita 23:00-05:00); divieto lavaggio veicoli con getto continuo; divieto lavaggio aree cortilizie; divieto fontane ornamentali e piscine. Sanzioni €25-€500.,https://www.telesudweb.it/11-04-2024/paceco-misure-dellamministrazione-contro-lo-spreco-dellacqua-potabile,"Ordinanza emergenziale del sindaco Aldo Grammatico, aprile 2024. Fonte: Telesudweb. Numero ordinanza non rilevato. La Regione aveva dichiarato una riduzione del 15% dell'erogazione per Paceco. Testo integrale pubblicato su comune.paceco.tp.it."
Pantelleria,081014,Trapani,false,,,,,,Nessuna evidenza specifica trovata. L'isola di Pantelleria appartiene alla provincia di Trapani inclusa nell'emergenza regionale (delibera GR n.100/2023). L'isola ha un acquedotto autonomo (AcquaePan). Sito egov.comunepantelleria.it consultato ma senza risultati per ordinanze risparmio idrico 2024. Non escludibile che ordinanza esista ma non indicizzata online.
Partanna,081015,Trapani,false,,,,,https://www.primapaginapartanna.it/partanna-ordinanza-per-il-risparmio-idrico-divieti-e-regole-per-luso-dellacqua-potabile,Trovata ordinanza risparmio idrico ma datata 24 marzo 2025 (fuori dal perimetro temporale 2024). Nessuna evidenza di analoga ordinanza nel 2024. Comune nella provincia di Trapani inclusa nell'emergenza regionale.
Poggioreale,081016,Trapani,false,,,,,,Nessuna evidenza di ordinanza risparmio idrico 2024. Comune menzionato per emergenza salmonella da diga Garcia nel novembre 2024 (non pertinente al risparmio idrico). Comune nella provincia di Trapani inclusa nell'emergenza regionale (delibera GR n.100/2023).
Salemi,081018,Trapani,false,,,,,,Nessuna evidenza di ordinanza risparmio idrico 2024. Comune menzionato per emergenza salmonella da diga Garcia nel novembre 2024 (non pertinente). Comune nella provincia di Trapani inclusa nell'emergenza regionale (delibera GR n.100/2023).
Santa Ninfa,081019,Trapani,false,,,,,,Nessuna evidenza di ordinanza risparmio idrico 2024. Comune menzionato per emergenza salmonella da diga Garcia nel novembre 2024 (non pertinente). Comune nella provincia di Trapani inclusa nell'emergenza regionale (delibera GR n.100/2023).
Vita,081023,Trapani,false,,,,,,Nessuna evidenza di ordinanza risparmio idrico 2024. Comune menzionato per emergenza salmonella da diga Garcia nel novembre 2024 (non pertinente). Piccolo comune (600 ab.) nella provincia di Trapani inclusa nell'emergenza regionale (delibera GR n.100/2023).
Alia,082001,Palermo,false,,,,,,Nessuna evidenza specifica trovata. Comune servito da AMAP. Provincia di Palermo inclusa nell'emergenza regionale (delibera GR n.100/2023). Ricerca effettuata su siti istituzionali e news locali.
Alimena,082002,Palermo,false,,,,,,Nessuna evidenza specifica trovata. Comune servito da AMAP. Provincia di Palermo inclusa nell'emergenza regionale (delibera GR n.100/2023). Ricerca effettuata su siti istituzionali e news locali.
Altavilla Milicia,082004,Palermo,false,,,,,,Nessuna evidenza specifica trovata. Comune servito da AMAP. Provincia di Palermo inclusa nell'emergenza regionale (delibera GR n.100/2023). Ricerca effettuata su siti istituzionali e news locali.
Altofonte,082005,Palermo,false,,,,,,Nessuna evidenza specifica trovata. Comune servito da AMAP. Provincia di Palermo inclusa nell'emergenza regionale (delibera GR n.100/2023). Ricerca effettuata su siti istituzionali e news locali.
Balestrate,082007,Palermo,false,,,,,,Nessuna evidenza specifica trovata. Comune servito da AMAP. Provincia di Palermo inclusa nell'emergenza regionale (delibera GR n.100/2023). Ricerca effettuata su siti istituzionali e news locali.
Baucina,082008,Palermo,false,,,,,,Nessuna evidenza specifica trovata. Comune servito da AMAP. Provincia di Palermo inclusa nell'emergenza regionale (delibera GR n.100/2023). Ricerca effettuata su siti istituzionali e news locali.
Belmonte Mezzagno,082009,Palermo,false,,,,,,Nessuna evidenza specifica trovata. Comune servito da AMAP. Provincia di Palermo inclusa nell'emergenza regionale (delibera GR n.100/2023). Ricerca effettuata su siti istituzionali e news locali.
Bolognetta,082011,Palermo,false,,,,,,Nessuna evidenza specifica trovata. Comune servito da AMAP. Provincia di Palermo inclusa nell'emergenza regionale (delibera GR n.100/2023). Ricerca effettuata su siti istituzionali e news locali.
Caccamo,082014,Palermo,false,,,,,,Nessuna evidenza specifica trovata. Comune servito da AMAP. Provincia di Palermo inclusa nell'emergenza regionale (delibera GR n.100/2023). Ricerca effettuata su siti istituzionali e news locali.
Campofelice di Fitalia,082016,Palermo,false,,,,,,Nessuna evidenza specifica trovata. Comune servito da AMAP. Provincia di Palermo inclusa nell'emergenza regionale (delibera GR n.100/2023). Ricerca effettuata su siti istituzionali e news locali.
Capaci,082020,Palermo,false,,,,,,Nessuna evidenza specifica trovata. Comune servito da AMAP. Provincia di Palermo inclusa nell'emergenza regionale (delibera GR n.100/2023). Ricerca effettuata su siti istituzionali e news locali.
Carini,082021,Palermo,false,,,,,,Nessuna evidenza specifica trovata. Comune servito da AMAP. Provincia di Palermo inclusa nell'emergenza regionale (delibera GR n.100/2023). Ricerca effettuata su siti istituzionali e news locali.
Casteldaccia,082023,Palermo,false,,,,,,Nessuna evidenza specifica trovata. Comune menzionato per disservizi idrici da rottura acquedotto Scillato. Servito da AMAP. Provincia di Palermo inclusa nell'emergenza regionale (delibera GR n.100/2023).
Castellana Sicula,082024,Palermo,false,,,,https://www.comune.castellana-sicula.pa.it/novita/vademecum-risparmio-idrico/,Trovato solo Vademecum risparmio idrico sul sito comunale (senza ordinanza formale). Provincia di Palermo inclusa nell'emergenza regionale (delibera GR n.100/2023). Il vademecum suggerisce comportamenti virtuosi ma non costituisce ordinanza sindacale con sanzioni.,
Castronovo di Sicilia,082025,Palermo,false,,,,,,Nessuna evidenza specifica trovata. Comune servito da AMAP. Provincia di Palermo inclusa nell'emergenza regionale (delibera GR n.100/2023). Ricerca effettuata su siti istituzionali e news locali.
Cefalà Diana,082026,Palermo,false,,,,,,Nessuna evidenza specifica trovata. Piccolo comune (900 ab.) servito da AMAP. Provincia di Palermo inclusa nell'emergenza regionale (delibera GR n.100/2023). Ricerca effettuata su siti istituzionali e news locali.
Cefalù,082027,Palermo,false,,,,,,Nessuna evidenza specifica di ordinanza risparmio idrico trovata. Ricerca approfondita su news locali e sito comunale. Cefalù è servita da acquedotto autonomo. Provincia di Palermo inclusa nell'emergenza regionale (delibera GR n.100/2023).
Chiusa Sclafani,082029,Palermo,false,,,,,,Nessuna evidenza specifica trovata. Comune servito da AMAP. Provincia di Palermo inclusa nell'emergenza regionale (delibera GR n.100/2023). Ricerca effettuata su siti istituzionali e news locali.
Ciminna,082030,Palermo,false,,,,,,Nessuna evidenza specifica trovata. Comune servito da AMAP. Provincia di Palermo inclusa nell'emergenza regionale (delibera GR n.100/2023). Ricerca effettuata su siti istituzionali e news locali.
Contessa Entellina,082033,Palermo,false,,,,,,Nessuna evidenza specifica trovata. Piccolo comune. Provincia di Palermo inclusa nell'emergenza regionale (delibera GR n.100/2023). Ricerca effettuata su siti istituzionali e news locali.
Corleone,082034,Palermo,false,,,,,,Nessuna evidenza specifica trovata. Comune servito da AMAP. Provincia di Palermo inclusa nell'emergenza regionale (delibera GR n.100/2023). Ricerca effettuata su siti istituzionali e news locali.
Ficarazzi,082035,Palermo,false,decisione_azienda,,2024-10-30,Razionamento idrico: interruzione erogazione un giorno a settimana (mer-gio 08:00-08:00),https://www.direttasicilia.it/2024/10/25/razionamento-acqua-misilmeri-ficarazzi/,Razionamento idrico AMAP dal 30 ottobre 2024 per Ficarazzi. Non si tratta di ordinanza sindacale di risparmio idrico in senso stretto ma di misura di razionamento gestita da AMAP per riduzione dei volumi negli invasi (70% in meno rispetto all'anno precedente). Inclusa per segnalare misure attive nel 2024. [Reclassificato: non è un'ordinanza sindacale ma un piano di razionamento AMAP (decisione aziendale). Ordinanza_trovata=false.]
Gangi,082036,Palermo,false,,,,,,Nessuna evidenza specifica trovata. Comune servito da AMAP. Provincia di Palermo inclusa nell'emergenza regionale (delibera GR n.100/2023). Ricerca effettuata su siti istituzionali e news locali.
Giardinello,082038,Palermo,false,,,,,,Nessuna evidenza specifica trovata. Piccolo comune. Provincia di Palermo inclusa nell'emergenza regionale (delibera GR n.100/2023). Ricerca effettuata su siti istituzionali e news locali.
Giuliana,082039,Palermo,false,,,,,,Nessuna evidenza specifica trovata. Piccolo comune. Provincia di Palermo inclusa nell'emergenza regionale (delibera GR n.100/2023). Ricerca effettuata su siti istituzionali e news locali.
Godrano,082040,Palermo,false,,,,,,Nessuna evidenza specifica trovata. Piccolo comune. Provincia di Palermo inclusa nell'emergenza regionale (delibera GR n.100/2023). Ricerca effettuata su siti istituzionali e news locali.
Gratteri,082041,Palermo,false,,,,,,Nessuna evidenza specifica trovata. Piccolo comune. Provincia di Palermo inclusa nell'emergenza regionale (delibera GR n.100/2023). Ricerca effettuata su siti istituzionali e news locali.
Lascari,082044,Palermo,false,,,,,,Nessuna evidenza specifica trovata. Comune servito da AMAP. Provincia di Palermo inclusa nell'emergenza regionale (delibera GR n.100/2023). Ricerca effettuata su siti istituzionali e news locali.
Marineo,082046,Palermo,false,,,,,,Nessuna evidenza specifica trovata. Comune servito da AMAP. Provincia di Palermo inclusa nell'emergenza regionale (delibera GR n.100/2023). Ricerca effettuata su siti istituzionali e news locali.
Mezzojuso,082047,Palermo,false,,,,,,Nessuna evidenza specifica trovata. Comune servito da AMAP. Provincia di Palermo inclusa nell'emergenza regionale (delibera GR n.100/2023). Ricerca effettuata su siti istituzionali e news locali.
Misilmeri,082048,Palermo,false,decisione_azienda,,2024-10-30,Razionamento idrico: interruzione erogazione un giorno a settimana nel distretto Portella di Mare,https://www.blogsicilia.it/palermo/razionamento-acqua-misilmeri-ficarazzi-scatta-piano-date-orari/1069218/,Razionamento idrico AMAP dal 30 ottobre 2024 per Portella di Mare (distretto di Misilmeri). Non si tratta di ordinanza sindacale di risparmio idrico in senso stretto ma di misura di razionamento gestita da AMAP. Inclusa per segnalare misure attive nel 2024. [Reclassificato: non è un'ordinanza sindacale ma un piano di razionamento AMAP (decisione aziendale). Ordinanza_trovata=false.]
Monreale,082049,Palermo,false,,,,,,Nessuna evidenza specifica di ordinanza risparmio idrico trovata. Comune servito da AMAP. Provincia di Palermo inclusa nell'emergenza regionale (delibera GR n.100/2023). Ricerca approfondita su sito comunale (comune.monreale.pa.it) e news locali.
Partinico,082054,Palermo,true,ordinanza_sindacale,43,2024-07-03,"Conservazione risorse idriche e limitazione uso acqua potabile. Divieti per irrigazione, lavaggio veicoli, fontane, piscine.",https://www.comune.partinico.pa.it/novita/azioni-e-buone-pratiche-finalizzate-al-risparmio-idrico-potabile-e-alla-riduzione-dei-consumi/,Ordinanza n. 43 del 3 luglio 2024 del sindaco di Partinico. Trovata su sito istituzionale del Comune. Testo completo in allegato PDF (ordinanza43del03.07.2024).
Petralia Sottana,082056,Palermo,false,,,,,,Nessuna evidenza specifica trovata. Comune servito da AMAP. Provincia di Palermo inclusa nell'emergenza regionale (delibera GR n.100/2023). Ricerca effettuata su siti istituzionali e news locali.
Piana degli Albanesi,082057,Palermo,false,,,,,,Nessuna evidenza specifica trovata. Comune servito da AMAP (citato da AMAP per variazione piano erogazione idrica). Provincia di Palermo inclusa nell'emergenza regionale (delibera GR n.100/2023). Ricerca effettuata su siti istituzionali e news locali.
Polizzi Generosa,082058,Palermo,false,,,,,,Nessuna evidenza specifica trovata. Comune servito da AMAP. Provincia di Palermo inclusa nell'emergenza regionale (delibera GR n.100/2023). Ricerca effettuata su siti istituzionali e news locali.
Pollina,082059,Palermo,false,,,,,,Nessuna evidenza specifica trovata. Comune servito da AMAP. Provincia di Palermo inclusa nell'emergenza regionale (delibera GR n.100/2023). Ricerca effettuata su siti istituzionali e news locali.
Prizzi,082060,Palermo,false,,,,,,Nessuna evidenza specifica trovata. Il bacino di Prizzi è uno degli invasi citati nella crisi idrica. Provincia di Palermo inclusa nell'emergenza regionale (delibera GR n.100/2023). Ricerca effettuata su siti istituzionali e news locali.
Roccamena,082061,Palermo,false,,,,,,Nessuna evidenza specifica trovata. Piccolo comune. Provincia di Palermo inclusa nell'emergenza regionale (delibera GR n.100/2023). Ricerca effettuata su siti istituzionali e news locali.
Roccapalumba,082062,Palermo,false,,,,,,Nessuna evidenza specifica trovata. Comune servito da AMAP. Provincia di Palermo inclusa nell'emergenza regionale (delibera GR n.100/2023). Ricerca effettuata su siti istituzionali e news locali.
San Cipirello,082063,Palermo,false,,,,,,Nessuna evidenza specifica trovata. Comune servito da AMAP. Provincia di Palermo inclusa nell'emergenza regionale (delibera GR n.100/2023). Ricerca effettuata su siti istituzionali e news locali.
San Giuseppe Jato,082064,Palermo,false,,,,,,Nessuna evidenza specifica trovata. Comune servito da AMAP. Provincia di Palermo inclusa nell'emergenza regionale (delibera GR n.100/2023). Ricerca effettuata su siti istituzionali e news locali.
Santa Cristina Gela,082066,Palermo,false,,,,,,Nessuna evidenza specifica trovata. Piccolo comune. Provincia di Palermo inclusa nell'emergenza regionale (delibera GR n.100/2023). Ricerca effettuata su siti istituzionali e news locali.
Sclafani Bagni,082069,Palermo,false,,,,,,Nessuna evidenza specifica trovata. Piccolo comune. Provincia di Palermo inclusa nell'emergenza regionale (delibera GR n.100/2023). Ricerca effettuata su siti istituzionali e news locali.
Termini Imerese,082070,Palermo,false,,,2024-05-30,,https://www.amapspa.it/it/ordinanza-di-non-potabilita-del-sindaco-di-termini-imerese-ecco-le-utenze-interessate-dal-divieto/,"Trovata ordinanza n.462 del 30/05/2024 ma relativa a non potabilità dell'acqua in alcune contrade (acquedotto Scillato), non a risparmio idrico. Provincia di Palermo inclusa nell'emergenza regionale. Non si tratta di ordinanza risparmio idrico in senso stretto."
Torretta,082072,Palermo,false,,,,,,Nessuna evidenza specifica trovata. Piccolo comune. Provincia di Palermo inclusa nell'emergenza regionale (delibera GR n.100/2023). Ricerca effettuata su siti istituzionali e news locali.
Trabia,082073,Palermo,false,,,,,,Nessuna evidenza specifica trovata. Comune servito da AMAP. Provincia di Palermo inclusa nell'emergenza regionale (delibera GR n.100/2023). Ricerca effettuata su siti istituzionali e news locali.
Trappeto,082074,Palermo,false,,,,,,Nessuna evidenza specifica trovata. Piccolo comune. Provincia di Palermo inclusa nell'emergenza regionale (delibera GR n.100/2023). Ricerca effettuata su siti istituzionali e news locali.
Ustica,082075,Palermo,false,,,,,,Nessuna evidenza specifica trovata. Isola con acquedotto autonomo. Provincia di Palermo inclusa nell'emergenza regionale (delibera GR n.100/2023). Ricerca effettuata su siti istituzionali e news locali.
Valledolmo,082076,Palermo,false,,,,,,Nessuna evidenza specifica trovata. Comune servito da AMAP. Provincia di Palermo inclusa nell'emergenza regionale (delibera GR n.100/2023). Ricerca effettuata su siti istituzionali e news locali.
Ventimiglia di Sicilia,082077,Palermo,false,,,,,,Nessuna evidenza specifica trovata. Piccolo comune. Provincia di Palermo inclusa nell'emergenza regionale (delibera GR n.100/2023). Ricerca effettuata su siti istituzionali e news locali.
Villabate,082079,Palermo,false,,,,,,Nessuna evidenza specifica trovata. Comune servito da AMAP. Citato per disservizi idrici da rottura acquedotto Scillato. Provincia di Palermo inclusa nell'emergenza regionale (delibera GR n.100/2023).
Villafrati,082080,Palermo,false,,,,,,Nessuna evidenza specifica trovata. Comune servito da AMAP. Provincia di Palermo inclusa nell'emergenza regionale (delibera GR n.100/2023). Ricerca effettuata su siti istituzionali e news locali.
Scillato,082081,Palermo,false,,,,,,Nessuna evidenza specifica trovata. Piccolo comune (sede dell'acquedotto Nuovo Scillato). Provincia di Palermo inclusa nell'emergenza regionale (delibera GR n.100/2023). Ricerca effettuata su siti istituzionali e news locali.
Blufi,082082,Palermo,false,,,,,,Nessuna evidenza specifica trovata. Piccolo comune. Provincia di Palermo inclusa nell'emergenza regionale (delibera GR n.100/2023). Ricerca effettuata su siti istituzionali e news locali.
Alcara li Fusi,083001,Messina,false,,,,,,Nessuna evidenza specifica trovata. Comune nella provincia di Messina inclusa nell'emergenza regionale (delibera GR n.100/2023). La Regione aveva richiesto ai sindaci di adottare il vademecum commissariale. Ricerca effettuata su siti istituzionali e news locali.
Antillo,083004,Messina,false,,,,,,Nessuna evidenza specifica trovata. Piccolo comune nella provincia di Messina inclusa nell'emergenza regionale. Ricerca effettuata su siti istituzionali e news locali.
Basicò,083006,Messina,false,,,,,,Nessuna evidenza specifica trovata. Piccolo comune nella provincia di Messina inclusa nell'emergenza regionale. Ricerca effettuata su siti istituzionali e news locali.
Brolo,083007,Messina,false,,,,,,Nessuna evidenza specifica trovata. Comune nella provincia di Messina inclusa nell'emergenza regionale. Ricerca effettuata su siti istituzionali e news locali.
Capo d'Orlando,083009,Messina,false,,,,,,Nessuna evidenza di ordinanza risparmio idrico 2024 trovata. Trovata solo storica ordinanza di non potabilità. Comune nella provincia di Messina inclusa nell'emergenza regionale. Nel 2022 furono adottate misure di razionamento. Ricerca effettuata su siti istituzionali (comune.capodorlando.me.it) e news locali.
Capri Leone,083010,Messina,false,,,,,,Nessuna evidenza specifica trovata. Comune nella provincia di Messina inclusa nell'emergenza regionale. Ricerca effettuata su siti istituzionali e news locali.
Caronia,083011,Messina,false,,,,,,Nessuna evidenza specifica trovata. Comune nella provincia di Messina inclusa nell'emergenza regionale. Ricerca effettuata su siti istituzionali e news locali.
Casalvecchio Siculo,083012,Messina,false,,,,,,Nessuna evidenza specifica trovata. Piccolo comune nella provincia di Messina inclusa nell'emergenza regionale. Ricerca effettuata su siti istituzionali e news locali.
Castel di Lucio,083013,Messina,false,,,,,,Nessuna evidenza specifica trovata. Piccolo comune nella provincia di Messina inclusa nell'emergenza regionale. Ricerca effettuata su siti istituzionali e news locali.
Castelmola,083015,Messina,false,,,,,,Nessuna evidenza specifica trovata. Piccolo comune nella provincia di Messina inclusa nell'emergenza regionale. Ricerca effettuata su siti istituzionali e news locali.
Castroreale,083016,Messina,false,,,,,,Nessuna evidenza specifica trovata. Comune nella provincia di Messina inclusa nell'emergenza regionale. Ricerca effettuata su siti istituzionali e news locali.
Falcone,083019,Messina,false,,,,,,Nessuna evidenza specifica trovata. Comune nella provincia di Messina inclusa nell'emergenza regionale. Ricerca effettuata su siti istituzionali e news locali.
Fiumedinisi,083021,Messina,false,,,,,,Nessuna evidenza specifica trovata. Piccolo comune nella provincia di Messina inclusa nell'emergenza regionale. Ricerca effettuata su siti istituzionali e news locali.
Fondachelli-Fantina,083023,Messina,false,,,,,,Nessuna evidenza specifica trovata. Piccolo comune nella provincia di Messina inclusa nell'emergenza regionale. Ricerca effettuata su siti istituzionali e news locali.
Frazzanò,083026,Messina,false,,,,,,Nessuna evidenza specifica trovata. Piccolo comune nella provincia di Messina inclusa nell'emergenza regionale. Ricerca effettuata su siti istituzionali e news locali.
Furnari,083028,Messina,false,,,,,,Nessuna evidenza specifica trovata. Comune nella provincia di Messina inclusa nell'emergenza regionale. Ricerca effettuata su siti istituzionali e news locali.
Gaggi,083029,Messina,false,,,,,,Nessuna evidenza specifica trovata. Comune nella provincia di Messina inclusa nell'emergenza regionale. Ricerca effettuata su siti istituzionali e news locali.
Gallodoro,083031,Messina,false,,,,,,Nessuna evidenza specifica trovata. Piccolo comune nella provincia di Messina inclusa nell'emergenza regionale. Ricerca effettuata su siti istituzionali e news locali.
Gioiosa Marea,083033,Messina,false,,,,,,Nessuna evidenza specifica trovata. Comune nella provincia di Messina inclusa nell'emergenza regionale. Ricerca effettuata su siti istituzionali e news locali.
Graniti,083034,Messina,false,,,,,,Nessuna evidenza specifica trovata. Piccolo comune nella provincia di Messina inclusa nell'emergenza regionale. Ricerca effettuata su siti istituzionali e news locali.
Leni,083037,Messina,false,,,,,,Nessuna evidenza specifica trovata. Comune delle isole Eolie (Salina). Provincia di Messina inclusa nell'emergenza regionale. Ricerca effettuata su siti istituzionali e news locali.
Letojanni,083038,Messina,false,,,,,,Nessuna evidenza specifica trovata. Comune nella provincia di Messina inclusa nell'emergenza regionale. Ricerca effettuata su siti istituzionali e news locali.
Limina,083040,Messina,false,,,,,,Nessuna evidenza specifica trovata. Piccolo comune nella provincia di Messina inclusa nell'emergenza regionale. Ricerca effettuata su siti istituzionali e news locali.
Lipari,083041,Messina,false,,,,,,Nessuna evidenza di ordinanza risparmio idrico 2024 trovata. Trovata solo ordinanza di non potabilità del sindaco Riccardo Gullo (gennaio 2025 - fuori perimetro). Comune isola Eolie. Provincia di Messina inclusa nell'emergenza regionale.
Longi,083042,Messina,false,,,,,,Nessuna evidenza specifica trovata. Piccolo comune nella provincia di Messina inclusa nell'emergenza regionale. Ricerca effettuata su siti istituzionali e news locali.
Malfa,083043,Messina,false,,,,,,Nessuna evidenza specifica trovata. Comune isola Eolie (Salina). Provincia di Messina inclusa nell'emergenza regionale. Ricerca effettuata su siti istituzionali e news locali.
Malvagna,083044,Messina,false,,,,,,Nessuna evidenza specifica trovata. Piccolo comune nella provincia di Messina inclusa nell'emergenza regionale. Ricerca effettuata su siti istituzionali e news locali.
Mandanici,083045,Messina,false,,,,,,Nessuna evidenza specifica trovata. Piccolo comune nella provincia di Messina inclusa nell'emergenza regionale. Ricerca effettuata su siti istituzionali e news locali.
Mazzarrà Sant'Andrea,083046,Messina,false,,,,,,Nessuna evidenza specifica trovata. Comune nella provincia di Messina inclusa nell'emergenza regionale. Ricerca effettuata su siti istituzionali e news locali.
Merì,083047,Messina,false,,,,,,Nessuna evidenza specifica trovata. Comune nella provincia di Messina inclusa nell'emergenza regionale. Ricerca effettuata su siti istituzionali e news locali.
Milazzo,083049,Messina,true,notizia_ordinanza,,2024 (estate),"Divieto prelievo acqua dalla rete idrica per usi non domestici (irrigazione, lavaggio veicoli/cortili, piscine, fontane ornamentali) nel periodo estivo fino al 22 settembre",https://www.comune.milazzo.me.it/ordinanza-del-sindaco-vietati-usi-impropri-dellacqua/,Ordinanza annuale estiva del sindaco Pippo Midili confermata per il 2024. URL ufficiale presente su sito comunale ma non più accessibile (404). Evidenza da risultati di ricerca (giugno 2024). Provincia di Messina inclusa nell'emergenza regionale (delibera GR n.100/2023).
Mirto,083051,Messina,false,,,,,,Nessuna evidenza specifica trovata. Piccolo comune nella provincia di Messina inclusa nell'emergenza regionale. Ricerca effettuata su siti istituzionali e news locali.
Mistretta,083052,Messina,false,,,,,,Nessuna evidenza specifica trovata. Comune nella provincia di Messina inclusa nell'emergenza regionale. Ricerca effettuata su siti istituzionali e news locali.
Moio Alcantara,083053,Messina,false,,,,,,Nessuna evidenza specifica trovata. Piccolo comune nella provincia di Messina inclusa nell'emergenza regionale. Ricerca effettuata su siti istituzionali e news locali.
Montagnareale,083056,Messina,false,,,,,,Nessuna evidenza specifica trovata. Comune nella provincia di Messina inclusa nell'emergenza regionale. Ricerca effettuata su siti istituzionali e news locali.
Montalbano Elicona,083057,Messina,false,,,,,,Nessuna evidenza specifica trovata. Comune nella provincia di Messina inclusa nell'emergenza regionale. Ricerca effettuata su siti istituzionali e news locali.
Motta Camastra,083058,Messina,false,,,,,,Nessuna evidenza specifica trovata. Piccolo comune nella provincia di Messina inclusa nell'emergenza regionale. Ricerca effettuata su siti istituzionali e news locali.
Motta d'Affermo,083059,Messina,false,,,,,,Nessuna evidenza specifica trovata. Piccolo comune nella provincia di Messina inclusa nell'emergenza regionale. Ricerca effettuata su siti istituzionali e news locali.
Nizza di Sicilia,083061,Messina,false,,,,,,Nessuna evidenza specifica trovata. Comune nella provincia di Messina inclusa nell'emergenza regionale. Ricerca effettuata su siti istituzionali e news locali.
Novara di Sicilia,083062,Messina,false,,,,,,Nessuna evidenza specifica trovata. Piccolo comune nella provincia di Messina inclusa nell'emergenza regionale. Ricerca effettuata su siti istituzionali e news locali.
Oliveri,083063,Messina,false,,,,,,Nessuna evidenza specifica trovata. Comune nella provincia di Messina inclusa nell'emergenza regionale. Ricerca effettuata su siti istituzionali e news locali.
Pace del Mela,083064,Messina,false,,,,,,Nessuna evidenza specifica trovata. Comune nella provincia di Messina inclusa nell'emergenza regionale. Ricerca effettuata su siti istituzionali e news locali.
Pettineo,083067,Messina,false,,,,,,Nessuna evidenza specifica trovata. Piccolo comune nella provincia di Messina inclusa nell'emergenza regionale. Ricerca effettuata su siti istituzionali e news locali.
Piraino,083068,Messina,false,,,,,,Nessuna evidenza specifica trovata. Comune nella provincia di Messina inclusa nell'emergenza regionale. Ricerca effettuata su siti istituzionali e news locali.
Raccuja,083069,Messina,false,,,,,,Nessuna evidenza specifica trovata. Piccolo comune nella provincia di Messina inclusa nell'emergenza regionale. Ricerca effettuata su siti istituzionali e news locali.
Roccalumera,083072,Messina,false,,,,,,Nessuna evidenza specifica trovata. Comune nella provincia di Messina inclusa nell'emergenza regionale. Ricerca effettuata su siti istituzionali e news locali.
Roccella Valdemone,083074,Messina,false,,,,,,Nessuna evidenza specifica trovata. Piccolo comune nella provincia di Messina inclusa nell'emergenza regionale. Ricerca effettuata su siti istituzionali e news locali.
Rodì Milici,083075,Messina,false,,,,,,Nessuna evidenza specifica trovata. Comune nella provincia di Messina inclusa nell'emergenza regionale. Ricerca effettuata su siti istituzionali e news locali.
Rometta,083076,Messina,false,,,,,,Nessuna evidenza specifica trovata. Comune nella provincia di Messina inclusa nell'emergenza regionale. Ricerca effettuata su siti istituzionali e news locali.
San Fratello,083078,Messina,false,,,,,,Nessuna evidenza specifica trovata. Comune nella provincia di Messina inclusa nell'emergenza regionale. Ricerca effettuata su siti istituzionali e news locali.
San Pier Niceto,083080,Messina,false,,,,,,Nessuna evidenza specifica trovata. Comune nella provincia di Messina inclusa nell'emergenza regionale. Ricerca effettuata su siti istituzionali e news locali.
Sant'Alessio Siculo,083085,Messina,false,,,,,,Nessuna evidenza specifica trovata. Piccolo comune nella provincia di Messina inclusa nell'emergenza regionale. Ricerca effettuata su siti istituzionali e news locali.
Santa Marina Salina,083087,Messina,false,,,,,,Nessuna evidenza specifica trovata. Comune isola Eolie (Salina). Provincia di Messina inclusa nell'emergenza regionale. Ricerca effettuata su siti istituzionali e news locali.
Sant'Angelo di Brolo,083088,Messina,false,,,,,,Nessuna evidenza specifica trovata. Comune nella provincia di Messina inclusa nell'emergenza regionale. Ricerca effettuata su siti istituzionali e news locali.
Santa Teresa di Riva,083089,Messina,false,,,,,,Nessuna evidenza specifica trovata. Comune nella provincia di Messina inclusa nell'emergenza regionale. Ricerca effettuata su siti istituzionali e news locali.
Santo Stefano di Camastra,083091,Messina,false,,,,,,Nessuna evidenza specifica trovata. Comune nella provincia di Messina inclusa nell'emergenza regionale. Ricerca effettuata su siti istituzionali e news locali.
Saponara,083092,Messina,false,,,,,,Nessuna evidenza specifica trovata. Comune nella provincia di Messina inclusa nell'emergenza regionale. Ricerca effettuata su siti istituzionali e news locali.
Savoca,083093,Messina,false,,,,,,Nessuna evidenza specifica trovata. Piccolo comune nella provincia di Messina inclusa nell'emergenza regionale. Ricerca effettuata su siti istituzionali e news locali.
Spadafora,083096,Messina,false,,,,,,Nessuna evidenza specifica trovata. Comune nella provincia di Messina inclusa nell'emergenza regionale. Ricerca effettuata su siti istituzionali e news locali.
Taormina,083097,Messina,true,notizia_ordinanza,17,2024-07-12,Irrigazione giardini consentita solo 22:00-06:00 max 60 min; divieto lavaggio veicoli privati; divieto riempimento fontane ornamentali e piscine. Vigente fino al 31 ottobre 2024. Sanzioni fino a €50.,https://ilsicilia.it/crisi-idrica-a-taormina-arriva-lordinanza-contro-gli-sprechi-in-vigore-sino-al-31-ottobre/,Ordinanza n. 17 del 12 luglio 2024 del sindaco di Taormina (Cateno De Luca). Trovata tramite news locali (Il Sicilia). Ulteriori limitazioni al servizio idrico comunicate tramite QdS. Ordinanza ben documentata.
Tortorici,083099,Messina,false,,,,,,Nessuna evidenza specifica trovata. Comune nella provincia di Messina inclusa nell'emergenza regionale. Ricerca effettuata su siti istituzionali e news locali.
Tripi,083100,Messina,false,,,,,,Nessuna evidenza specifica trovata. Piccolo comune nella provincia di Messina inclusa nell'emergenza regionale. Ricerca effettuata su siti istituzionali e news locali.
Valdina,083103,Messina,false,,,,,,Nessuna evidenza specifica trovata. Piccolo comune nella provincia di Messina inclusa nell'emergenza regionale. Ricerca effettuata su siti istituzionali e news locali.
Venetico,083104,Messina,false,,,,,,Nessuna evidenza specifica trovata. Comune nella provincia di Messina inclusa nell'emergenza regionale. Ricerca effettuata su siti istituzionali e news locali.
Villafranca Tirrena,083105,Messina,false,,,,,,Nessuna evidenza specifica trovata. Comune nella provincia di Messina inclusa nell'emergenza regionale. Ricerca effettuata su siti istituzionali e news locali.
Terme Vigliatore,083106,Messina,false,,,,,,Nessuna evidenza specifica trovata. Comune nella provincia di Messina inclusa nell'emergenza regionale. Ricerca effettuata su siti istituzionali e news locali.
Torrenova,083108,Messina,false,,,,,,Nessuna evidenza specifica trovata. Comune nella provincia di Messina inclusa nell'emergenza regionale. Ricerca effettuata su siti istituzionali e news locali.
Alessandria della Rocca,084002,Agrigento,false,decisione_azienda,,,,https://www.aicaonline.it/argomenti/comunicati-stampa/,"Nessuna evidenza specifica trovata. Comune nella provincia di Agrigento inclusa nell'emergenza regionale (delibera GR n.100/2023). Servito da AICA. Ricerca effettuata su siti istituzionali e news locali. AICA (gestore AG) in crisi idrica nel 2024: potenziamento autobotti per tutti i comuni gestiti (mag 2024), interruzioni acquedotti, riduzioni forniture. Nessuna ordinanza sindacale specifica trovata."
Aragona,084003,Agrigento,false,decisione_azienda,,,,https://www.aicaonline.it/argomenti/comunicati-stampa/,"Nessuna evidenza specifica trovata. Comune nella provincia di Agrigento inclusa nell'emergenza regionale. Servito da AICA. Ricerca effettuata su siti istituzionali e news locali. AICA (gestore AG) in crisi idrica nel 2024: potenziamento autobotti per tutti i comuni gestiti (mag 2024), interruzioni acquedotti, riduzioni forniture. Nessuna ordinanza sindacale specifica trovata."
Bivona,084004,Agrigento,false,decisione_azienda,,,,https://www.aicaonline.it/argomenti/comunicati-stampa/,"Nessuna evidenza specifica trovata. Comune nella provincia di Agrigento inclusa nell'emergenza regionale. Ricerca effettuata su siti istituzionali e news locali. AICA (gestore AG) in crisi idrica nel 2024: potenziamento autobotti per tutti i comuni gestiti (mag 2024), interruzioni acquedotti, riduzioni forniture. Nessuna ordinanza sindacale specifica trovata."
Burgio,084005,Agrigento,false,decisione_azienda,,,,https://www.aicaonline.it/argomenti/comunicati-stampa/,"Nessuna evidenza specifica trovata. Comune nella provincia di Agrigento inclusa nell'emergenza regionale. Ricerca effettuata su siti istituzionali e news locali. AICA (gestore AG) in crisi idrica nel 2024: potenziamento autobotti per tutti i comuni gestiti (mag 2024), interruzioni acquedotti, riduzioni forniture. Nessuna ordinanza sindacale specifica trovata."
Camastra,084008,Agrigento,false,decisione_azienda,,,,https://www.aicaonline.it/argomenti/comunicati-stampa/,"Nessuna evidenza specifica trovata. Comune nella provincia di Agrigento inclusa nell'emergenza regionale. Ricerca effettuata su siti istituzionali e news locali. AICA (gestore AG) in crisi idrica nel 2024: potenziamento autobotti per tutti i comuni gestiti (mag 2024), interruzioni acquedotti, riduzioni forniture. Nessuna ordinanza sindacale specifica trovata."
Cammarata,084009,Agrigento,false,decisione_azienda,,,,https://www.aicaonline.it/argomenti/comunicati-stampa/,"Nessuna evidenza specifica trovata. Comune nella provincia di Agrigento inclusa nell'emergenza regionale. Ricerca effettuata su siti istituzionali e news locali. AICA (gestore AG) in crisi idrica nel 2024: potenziamento autobotti per tutti i comuni gestiti (mag 2024), interruzioni acquedotti, riduzioni forniture. Nessuna ordinanza sindacale specifica trovata."
Campobello di Licata,084010,Agrigento,false,decisione_azienda,,,,https://www.aicaonline.it/argomenti/comunicati-stampa/,"Nessuna evidenza di ordinanza risparmio idrico 2024. Trovata ordinanza di non potabilità (2025). Il Consorzio Tre Sorgenti serve Campobello di Licata. Comune nella provincia di Agrigento inclusa nell'emergenza regionale. Ricerca effettuata su siti istituzionali e news locali. AICA (gestore AG) in crisi idrica nel 2024: potenziamento autobotti per tutti i comuni gestiti (mag 2024), interruzioni acquedotti, riduzioni forniture. Nessuna ordinanza sindacale specifica trovata."
Canicattì,084011,Agrigento,true,ordinanza_sindacale,48,2024-06-18,"Ripristino distribuzione con divieto assoluto uso potabile (eccesso manganese/batteri da diga Fanaco) + restrizioni risparmio idrico: divieto irrigazione, lavaggio veicoli, piscine/fontane ornamentali. Revocata da ord. n.63/2024.",https://www.comune.canicatti.ag.it/flex/cm/pages/ServeBLOB.php/L/IT/IDPagina/6050,Ordinanza n.48 del 18/06/2024 con doppia funzione: non potabilità (qualità) e risparmio idrico. Contiene esplicito vademecum risparmio idrico con divieti d'uso non domestico. Successivamente revocata con ordinanza n.63/2024. Comunicato AICA del 19/06/2024 correlato: aicaonline.it. Provincia Agrigento inclusa nell'emergenza regionale.
Casteltermini,084012,Agrigento,false,decisione_azienda,,,,https://www.aicaonline.it/argomenti/comunicati-stampa/,"Nessuna evidenza specifica trovata. Comune nella provincia di Agrigento inclusa nell'emergenza regionale. Ricerca effettuata su siti istituzionali e news locali. AICA (gestore AG) in crisi idrica nel 2024: potenziamento autobotti per tutti i comuni gestiti (mag 2024), interruzioni acquedotti, riduzioni forniture. Nessuna ordinanza sindacale specifica trovata."
Castrofilippo,084013,Agrigento,false,decisione_azienda,,,,https://www.aicaonline.it/argomenti/comunicati-stampa/,"Nessuna evidenza specifica trovata. Comune servito da Consorzio Tre Sorgenti. Provincia di Agrigento inclusa nell'emergenza regionale. Ricerca effettuata su siti istituzionali e news locali. AICA (gestore AG) in crisi idrica nel 2024: potenziamento autobotti per tutti i comuni gestiti (mag 2024), interruzioni acquedotti, riduzioni forniture. Nessuna ordinanza sindacale specifica trovata."
Cianciana,084015,Agrigento,false,decisione_azienda,,,,https://www.aicaonline.it/argomenti/comunicati-stampa/,"Nessuna evidenza specifica trovata. Comune nella provincia di Agrigento inclusa nell'emergenza regionale. Ricerca effettuata su siti istituzionali e news locali. AICA (gestore AG) in crisi idrica nel 2024: potenziamento autobotti per tutti i comuni gestiti (mag 2024), interruzioni acquedotti, riduzioni forniture. Nessuna ordinanza sindacale specifica trovata."
Comitini,084016,Agrigento,false,decisione_azienda,,,,https://www.aicaonline.it/argomenti/comunicati-stampa/,"Nessuna evidenza specifica trovata. Piccolo comune (600 ab.) nella provincia di Agrigento inclusa nell'emergenza regionale. Ricerca effettuata su siti istituzionali e news locali. AICA (gestore AG) in crisi idrica nel 2024: potenziamento autobotti per tutti i comuni gestiti (mag 2024), interruzioni acquedotti, riduzioni forniture. Nessuna ordinanza sindacale specifica trovata."
Favara,084017,Agrigento,false,decisione_azienda,,,,https://www.aicaonline.it/argomenti/comunicati-stampa/,"Nessuna evidenza specifica di ordinanza risparmio idrico trovata. Comune servito da AICA. Provincia di Agrigento inclusa nell'emergenza regionale. Ricerca effettuata su siti istituzionali e news locali. AICA (gestore AG) in crisi idrica nel 2024: potenziamento autobotti per tutti i comuni gestiti (mag 2024), interruzioni acquedotti, riduzioni forniture. Nessuna ordinanza sindacale specifica trovata."
Grotte,084018,Agrigento,false,decisione_azienda,,,,https://www.aicaonline.it/argomenti/comunicati-stampa/,"Nessuna evidenza specifica trovata. Comune servito da Consorzio Tre Sorgenti. Provincia di Agrigento inclusa nell'emergenza regionale. Ricerca effettuata su siti istituzionali e news locali. AICA (gestore AG) in crisi idrica nel 2024: potenziamento autobotti per tutti i comuni gestiti (mag 2024), interruzioni acquedotti, riduzioni forniture. Nessuna ordinanza sindacale specifica trovata."
Joppolo Giancaxio,084019,Agrigento,false,decisione_azienda,,,,https://www.aicaonline.it/argomenti/comunicati-stampa/,"Nessuna evidenza specifica trovata. Piccolo comune nella provincia di Agrigento inclusa nell'emergenza regionale. Ricerca effettuata su siti istituzionali e news locali. AICA (gestore AG) in crisi idrica nel 2024: potenziamento autobotti per tutti i comuni gestiti (mag 2024), interruzioni acquedotti, riduzioni forniture. Nessuna ordinanza sindacale specifica trovata."
Lampedusa e Linosa,084020,Agrigento,false,decisione_azienda,,,,https://www.aicaonline.it/argomenti/comunicati-stampa/,"Nessuna evidenza di ordinanza risparmio idrico 2024 trovata. Isola con problemi idrici storici e acquedotto autonomo. Trovata solo vecchia ordinanza di non potabilità (2016). Provincia di Agrigento inclusa nell'emergenza regionale. Sito comunale consultato. AICA (gestore AG) in crisi idrica nel 2024: potenziamento autobotti per tutti i comuni gestiti (mag 2024), interruzioni acquedotti, riduzioni forniture. Nessuna ordinanza sindacale specifica trovata."
Menfi,084023,Agrigento,false,decisione_azienda,,,,https://www.aicaonline.it/argomenti/comunicati-stampa/,"Nessuna evidenza specifica trovata. Comune nella provincia di Agrigento inclusa nell'emergenza regionale. Ricerca effettuata su siti istituzionali e news locali. AICA (gestore AG) in crisi idrica nel 2024: potenziamento autobotti per tutti i comuni gestiti (mag 2024), interruzioni acquedotti, riduzioni forniture. Nessuna ordinanza sindacale specifica trovata."
Montallegro,084024,Agrigento,false,decisione_azienda,,,,https://www.aicaonline.it/argomenti/comunicati-stampa/,"Nessuna evidenza specifica trovata. Piccolo comune nella provincia di Agrigento inclusa nell'emergenza regionale. Ricerca effettuata su siti istituzionali e news locali. AICA (gestore AG) in crisi idrica nel 2024: potenziamento autobotti per tutti i comuni gestiti (mag 2024), interruzioni acquedotti, riduzioni forniture. Nessuna ordinanza sindacale specifica trovata."
Montevago,084025,Agrigento,false,decisione_azienda,,,,https://www.aicaonline.it/argomenti/comunicati-stampa/,"Nessuna evidenza specifica trovata. Comune nella provincia di Agrigento inclusa nell'emergenza regionale. Ricerca effettuata su siti istituzionali e news locali. AICA (gestore AG) in crisi idrica nel 2024: potenziamento autobotti per tutti i comuni gestiti (mag 2024), interruzioni acquedotti, riduzioni forniture. Nessuna ordinanza sindacale specifica trovata."
Naro,084026,Agrigento,false,decisione_azienda,,,,https://www.aicaonline.it/argomenti/comunicati-stampa/,"Nessuna evidenza specifica trovata. Comune servito da Consorzio Tre Sorgenti. Provincia di Agrigento inclusa nell'emergenza regionale. Ricerca effettuata su siti istituzionali e news locali. AICA (gestore AG) in crisi idrica nel 2024: potenziamento autobotti per tutti i comuni gestiti (mag 2024), interruzioni acquedotti, riduzioni forniture. Nessuna ordinanza sindacale specifica trovata."
Palma di Montechiaro,084027,Agrigento,false,decisione_azienda,,,,https://www.aicaonline.it/argomenti/comunicati-stampa/,"Nessuna evidenza specifica di ordinanza risparmio idrico trovata. Comune servito da Consorzio Tre Sorgenti. Sito istituzionale consultato (comune.palmadimontechiaro.ag.it). Provincia di Agrigento inclusa nell'emergenza regionale. AICA (gestore AG) in crisi idrica nel 2024: potenziamento autobotti per tutti i comuni gestiti (mag 2024), interruzioni acquedotti, riduzioni forniture. Nessuna ordinanza sindacale specifica trovata."
Raffadali,084030,Agrigento,false,decisione_azienda,,,,https://www.aicaonline.it/argomenti/comunicati-stampa/,"Nessuna evidenza specifica trovata. Comune nella provincia di Agrigento inclusa nell'emergenza regionale. Servito da AICA. Ricerca effettuata su siti istituzionali e news locali. AICA (gestore AG) in crisi idrica nel 2024: potenziamento autobotti per tutti i comuni gestiti (mag 2024), interruzioni acquedotti, riduzioni forniture. Nessuna ordinanza sindacale specifica trovata."
Ribera,084033,Agrigento,false,decisione_azienda,,,,https://www.aicaonline.it/argomenti/comunicati-stampa/,"Nessuna evidenza di ordinanza risparmio idrico trovata. Trovati solo articoli su riduzione dei turni di erogazione da AICA nel 2024 (marzo-aprile 2024). Provincia di Agrigento inclusa nell'emergenza regionale. AICA (gestore AG) in crisi idrica nel 2024: potenziamento autobotti per tutti i comuni gestiti (mag 2024), interruzioni acquedotti, riduzioni forniture. Nessuna ordinanza sindacale specifica trovata."
Sambuca di Sicilia,084034,Agrigento,false,decisione_azienda,,,,https://www.aicaonline.it/argomenti/comunicati-stampa/,"Nessuna evidenza specifica di ordinanza risparmio idrico trovata. Comune con diga Garcia (fonte della contaminazione salmonella del novembre 2024). Provincia di Agrigento inclusa nell'emergenza regionale. Ricerca effettuata su siti istituzionali e news locali. AICA (gestore AG) in crisi idrica nel 2024: potenziamento autobotti per tutti i comuni gestiti (mag 2024), interruzioni acquedotti, riduzioni forniture. Nessuna ordinanza sindacale specifica trovata."
San Biagio Platani,084035,Agrigento,false,decisione_azienda,,,,https://www.aicaonline.it/argomenti/comunicati-stampa/,"Nessuna evidenza specifica trovata. Comune nella provincia di Agrigento inclusa nell'emergenza regionale. Ricerca effettuata su siti istituzionali e news locali. AICA (gestore AG) in crisi idrica nel 2024: potenziamento autobotti per tutti i comuni gestiti (mag 2024), interruzioni acquedotti, riduzioni forniture. Nessuna ordinanza sindacale specifica trovata."
Santa Elisabetta,084037,Agrigento,false,decisione_azienda,,,,https://www.aicaonline.it/argomenti/comunicati-stampa/,"Nessuna evidenza specifica trovata. Piccolo comune nella provincia di Agrigento inclusa nell'emergenza regionale. Ricerca effettuata su siti istituzionali e news locali. AICA (gestore AG) in crisi idrica nel 2024: potenziamento autobotti per tutti i comuni gestiti (mag 2024), interruzioni acquedotti, riduzioni forniture. Nessuna ordinanza sindacale specifica trovata."
Santa Margherita di Belice,084038,Agrigento,false,decisione_azienda,,,,https://www.aicaonline.it/argomenti/comunicati-stampa/,"Nessuna evidenza specifica trovata. Comune nella provincia di Agrigento inclusa nell'emergenza regionale. Ricerca effettuata su siti istituzionali e news locali. AICA (gestore AG) in crisi idrica nel 2024: potenziamento autobotti per tutti i comuni gestiti (mag 2024), interruzioni acquedotti, riduzioni forniture. Nessuna ordinanza sindacale specifica trovata."
Santo Stefano Quisquina,084040,Agrigento,false,decisione_azienda,,,,https://www.aicaonline.it/argomenti/comunicati-stampa/,"Nessuna evidenza specifica trovata. Comune nella provincia di Agrigento inclusa nell'emergenza regionale. Ricerca effettuata su siti istituzionali e news locali. AICA (gestore AG) in crisi idrica nel 2024: potenziamento autobotti per tutti i comuni gestiti (mag 2024), interruzioni acquedotti, riduzioni forniture. Nessuna ordinanza sindacale specifica trovata."
Sciacca,084041,Agrigento,true,notizia_ordinanza,,2024,Divieto uso acqua potabile per lavaggio auto e veicoli; divieto lavaggio marciapiedi; divieto innaffiatura giardini (consentita di notte). Inoltre ord. separata su non potabilità in vie Lido e Vassallo.,https://www.corrieredisciacca.it/crisi-idrica-arriva-lordinanza-anti-spreco-divieto-uso-acqua-potabile-per-lavare-auto/,Ordinanza anti-spreco risparmio idrico 2024 trovata tramite Corriere di Sciacca. Numero ordinanza non rilevato (articolo non disponibile). Anche ordinanza separata di non potabilità per serbatoio Mura di Vega (diverse contrade). Due distinti provvedimenti nel 2024.
Villafranca Sicula,084043,Agrigento,false,decisione_azienda,,,,https://www.aicaonline.it/argomenti/comunicati-stampa/,"Nessuna evidenza specifica trovata. Piccolo comune nella provincia di Agrigento inclusa nell'emergenza regionale. Ricerca effettuata su siti istituzionali e news locali. AICA (gestore AG) in crisi idrica nel 2024: potenziamento autobotti per tutti i comuni gestiti (mag 2024), interruzioni acquedotti, riduzioni forniture. Nessuna ordinanza sindacale specifica trovata."
Bompensiere,085002,Caltanissetta,false,decisione_azienda,,,,https://www.caltaqua.it/,Nessuna evidenza specifica trovata. Piccolo comune nella provincia di Caltanissetta inclusa nell'emergenza regionale (delibera GR n.100/2023). Ricerca effettuata su siti istituzionali e news locali. Caltaqua (gestore CL) ha rimodulato la distribuzione da giugno 2024 (turni ogni 3-4 giorni) per calo forniture Siciliacque + aumento consumi estivi. Nessuna ordinanza sindacale specifica trovata.
Butera,085003,Caltanissetta,false,decisione_azienda,,,,https://www.caltaqua.it/,Nessuna evidenza specifica trovata. Comune nella provincia di Caltanissetta inclusa nell'emergenza regionale. Ricerca effettuata su siti istituzionali e news locali. Caltaqua (gestore CL) ha rimodulato la distribuzione da giugno 2024 (turni ogni 3-4 giorni) per calo forniture Siciliacque + aumento consumi estivi. Nessuna ordinanza sindacale specifica trovata.
Campofranco,085005,Caltanissetta,false,decisione_azienda,,,,https://www.caltaqua.it/,Nessuna evidenza specifica trovata. Comune nella provincia di Caltanissetta inclusa nell'emergenza regionale. Ricerca effettuata su siti istituzionali e news locali. Caltaqua (gestore CL) ha rimodulato la distribuzione da giugno 2024 (turni ogni 3-4 giorni) per calo forniture Siciliacque + aumento consumi estivi. Nessuna ordinanza sindacale specifica trovata.
Gela,085007,Caltanissetta,false,decisione_azienda,,,,https://www.caltaqua.it/,Nessuna evidenza di ordinanza risparmio idrico 2024 trovata nonostante ricerche specifiche. Gela è citata come sede di uno dei tre impianti di desalinizzazione previsti. Servita da Caltaqua. Provincia di Caltanissetta inclusa nell'emergenza regionale. Caltaqua (gestore CL) ha rimodulato la distribuzione da giugno 2024 (turni ogni 3-4 giorni) per calo forniture Siciliacque + aumento consumi estivi. Nessuna ordinanza sindacale specifica trovata.
Marianopoli,085008,Caltanissetta,false,decisione_azienda,,,,https://www.caltaqua.it/,Nessuna evidenza specifica trovata. Piccolo comune nella provincia di Caltanissetta inclusa nell'emergenza regionale. Ricerca effettuata su siti istituzionali e news locali. Caltaqua (gestore CL) ha rimodulato la distribuzione da giugno 2024 (turni ogni 3-4 giorni) per calo forniture Siciliacque + aumento consumi estivi. Nessuna ordinanza sindacale specifica trovata.
Milena,085010,Caltanissetta,false,decisione_azienda,,,,https://www.caltaqua.it/,Nessuna evidenza specifica trovata. Piccolo comune nella provincia di Caltanissetta inclusa nell'emergenza regionale. Ricerca effettuata su siti istituzionali e news locali. Caltaqua (gestore CL) ha rimodulato la distribuzione da giugno 2024 (turni ogni 3-4 giorni) per calo forniture Siciliacque + aumento consumi estivi. Nessuna ordinanza sindacale specifica trovata.
Niscemi,085013,Caltanissetta,false,decisione_azienda,,,,https://www.caltaqua.it/,Nessuna evidenza specifica trovata. Comune nella provincia di Caltanissetta inclusa nell'emergenza regionale. Servito da Caltaqua. Ricerca approfondita effettuata. Caltaqua (gestore CL) ha rimodulato la distribuzione da giugno 2024 (turni ogni 3-4 giorni) per calo forniture Siciliacque + aumento consumi estivi. Nessuna ordinanza sindacale specifica trovata.
Resuttano,085014,Caltanissetta,false,decisione_azienda,,,,https://www.caltaqua.it/,Nessuna evidenza specifica trovata. Piccolo comune nella provincia di Caltanissetta inclusa nell'emergenza regionale. Ricerca effettuata su siti istituzionali e news locali. Caltaqua (gestore CL) ha rimodulato la distribuzione da giugno 2024 (turni ogni 3-4 giorni) per calo forniture Siciliacque + aumento consumi estivi. Nessuna ordinanza sindacale specifica trovata.
Riesi,085015,Caltanissetta,false,decisione_azienda,,,,https://www.caltaqua.it/,Nessuna evidenza specifica trovata. Comune nella provincia di Caltanissetta inclusa nell'emergenza regionale. Servito da Caltaqua. Ricerca effettuata su siti istituzionali e news locali. Caltaqua (gestore CL) ha rimodulato la distribuzione da giugno 2024 (turni ogni 3-4 giorni) per calo forniture Siciliacque + aumento consumi estivi. Nessuna ordinanza sindacale specifica trovata.
San Cataldo,085016,Caltanissetta,false,decisione_azienda,4,2024-05-07,Divieto temporaneo consumo acqua per uso alimentare (per torbidità Caltaqua),https://www.caltaqua.it/,"Ordinanza n.4 del 07/05/2024: divieto temporaneo consumo acqua per uso alimentare e sospensione mensa scolastica per torbidità oltre i limiti. Poi revocata. Si tratta di ordinanza di non potabilità (emergenza puntuale), non di risparmio idrico strutturale. Marcata false per coerenza con l'oggetto della ricerca. Caltaqua (gestore CL) ha rimodulato la distribuzione da giugno 2024 (turni ogni 3-4 giorni) per calo forniture Siciliacque + aumento consumi estivi. Nessuna ordinanza sindacale specifica trovata."
Santa Caterina Villarmosa,085017,Caltanissetta,false,decisione_azienda,,,,https://www.caltaqua.it/,Nessuna evidenza specifica trovata. Comune nella provincia di Caltanissetta inclusa nell'emergenza regionale. Servito da Caltaqua. Ricerca effettuata su siti istituzionali e news locali. Caltaqua (gestore CL) ha rimodulato la distribuzione da giugno 2024 (turni ogni 3-4 giorni) per calo forniture Siciliacque + aumento consumi estivi. Nessuna ordinanza sindacale specifica trovata.
Sutera,085020,Caltanissetta,false,decisione_azienda,,,,https://www.caltaqua.it/,Nessuna evidenza specifica trovata. Piccolo comune nella provincia di Caltanissetta inclusa nell'emergenza regionale. Ricerca effettuata su siti istituzionali e news locali. Caltaqua (gestore CL) ha rimodulato la distribuzione da giugno 2024 (turni ogni 3-4 giorni) per calo forniture Siciliacque + aumento consumi estivi. Nessuna ordinanza sindacale specifica trovata.
Vallelunga Pratameno,085021,Caltanissetta,false,decisione_azienda,,,,https://www.caltaqua.it/,Nessuna evidenza specifica trovata. Comune nella provincia di Caltanissetta inclusa nell'emergenza regionale. Servito da Caltaqua. Ricerca effettuata su siti istituzionali e news locali. Caltaqua (gestore CL) ha rimodulato la distribuzione da giugno 2024 (turni ogni 3-4 giorni) per calo forniture Siciliacque + aumento consumi estivi. Nessuna ordinanza sindacale specifica trovata.
Agira,086001,Enna,false,decisione_azienda,,,,https://www.acquaenna.it/index.php/category/avvisi/,"Nessuna evidenza specifica trovata. Comune nella provincia di Enna inclusa nell'emergenza regionale (delibera GR n.100/2023). Servito da AcquaEnna. Numerose sospensioni idriche nel 2024 per riduzione invasi. Ricerca effettuata su siti istituzionali e news locali. AcquaEnna ha disposto rimodulazione erogazione idrica da marzo 2024 (-25% Ancipa), con progressivo inasprimento: turnazioni ogni 3-7 giorni da agosto-settembre 2024 (decisione Cabina di Regia emergenza idrica). Nessuna ordinanza sindacale specifica trovata."
Aidone,086002,Enna,false,decisione_azienda,,,,https://www.acquaenna.it/index.php/category/avvisi/,"Nessuna evidenza specifica trovata. Comune nella provincia di Enna inclusa nell'emergenza regionale. Servito da AcquaEnna. Ricerca effettuata su siti istituzionali e news locali. AcquaEnna ha disposto rimodulazione erogazione idrica da marzo 2024 (-25% Ancipa), con progressivo inasprimento: turnazioni ogni 3-7 giorni da agosto-settembre 2024 (decisione Cabina di Regia emergenza idrica). Nessuna ordinanza sindacale specifica trovata."
Assoro,086003,Enna,false,decisione_azienda,,,,https://www.acquaenna.it/index.php/category/avvisi/,"Nessuna evidenza specifica trovata. Comune nella provincia di Enna inclusa nell'emergenza regionale. Servito da AcquaEnna. Ricerca effettuata su siti istituzionali e news locali. AcquaEnna ha disposto rimodulazione erogazione idrica da marzo 2024 (-25% Ancipa), con progressivo inasprimento: turnazioni ogni 3-7 giorni da agosto-settembre 2024 (decisione Cabina di Regia emergenza idrica). Nessuna ordinanza sindacale specifica trovata."
Barrafranca,086004,Enna,false,decisione_azienda,,,,https://www.acquaenna.it/index.php/category/avvisi/,"Nessuna evidenza specifica trovata. Comune nella provincia di Enna inclusa nell'emergenza regionale. Servito da AcquaEnna. Nel 2024 aggiornamento turni erogazione idrica (ogni 4 giorni). Ricerca effettuata su siti istituzionali e news locali. AcquaEnna ha disposto rimodulazione erogazione idrica da marzo 2024 (-25% Ancipa), con progressivo inasprimento: turnazioni ogni 3-7 giorni da agosto-settembre 2024 (decisione Cabina di Regia emergenza idrica). Nessuna ordinanza sindacale specifica trovata."
Calascibetta,086005,Enna,false,decisione_azienda,,,,https://www.acquaenna.it/index.php/category/avvisi/,"Nessuna evidenza specifica trovata. Comune nella provincia di Enna inclusa nell'emergenza regionale. Servito da AcquaEnna. Ricerca effettuata su siti istituzionali e news locali. AcquaEnna ha disposto rimodulazione erogazione idrica da marzo 2024 (-25% Ancipa), con progressivo inasprimento: turnazioni ogni 3-7 giorni da agosto-settembre 2024 (decisione Cabina di Regia emergenza idrica). Nessuna ordinanza sindacale specifica trovata."
Catenanuova,086006,Enna,false,,,,,,Nessuna evidenza specifica trovata. Comune nella provincia di Enna inclusa nell'emergenza regionale. Ricerca effettuata su siti istituzionali e news locali.
Cerami,086008,Enna,false,decisione_azienda,,,,https://www.acquaenna.it/index.php/category/avvisi/,"Nessuna evidenza specifica trovata. Comune nella provincia di Enna inclusa nell'emergenza regionale. Ricerca effettuata su siti istituzionali e news locali. AcquaEnna ha disposto rimodulazione erogazione idrica da marzo 2024 (-25% Ancipa), con progressivo inasprimento: turnazioni ogni 3-7 giorni da agosto-settembre 2024 (decisione Cabina di Regia emergenza idrica). Nessuna ordinanza sindacale specifica trovata."
Gagliano Castelferrato,086010,Enna,false,decisione_azienda,,,,https://www.acquaenna.it/index.php/category/avvisi/,"Nessuna evidenza specifica trovata. Comune nella provincia di Enna inclusa nell'emergenza regionale. Servito da AcquaEnna. Ricerca effettuata su siti istituzionali e news locali. AcquaEnna ha disposto rimodulazione erogazione idrica da marzo 2024 (-25% Ancipa), con progressivo inasprimento: turnazioni ogni 3-7 giorni da agosto-settembre 2024 (decisione Cabina di Regia emergenza idrica). Nessuna ordinanza sindacale specifica trovata."
Leonforte,086011,Enna,true,notizia_ordinanza,27,2024-07-05,"Misure urgenti risparmio idrico: obbligo per tutti i cittadini di attuare misure di risparmio idrico nell'intero territorio comunale, con immediata efficacia",https://www.comune.leonforte.en.it/tag/acqua/,Ordinanza n.27 del 05/07/2024 del sindaco di Leonforte. Evidenza da risultati di ricerca web; pagina ufficiale del comune non più accessibile (410). Provincia di Enna inclusa nell'emergenza regionale (delibera GR n.100/2023).
Nicosia,086012,Enna,false,decisione_azienda,,,,https://www.acquaenna.it/index.php/category/avvisi/,"Nessuna evidenza di ordinanza risparmio idrico 2024 trovata. Trovata solo ordinanza di non potabilità (agosto 2025 - fuori perimetro). Servito da AcquaEnna. Provincia di Enna inclusa nell'emergenza regionale. AcquaEnna ha disposto rimodulazione erogazione idrica da marzo 2024 (-25% Ancipa), con progressivo inasprimento: turnazioni ogni 3-7 giorni da agosto-settembre 2024 (decisione Cabina di Regia emergenza idrica). Nessuna ordinanza sindacale specifica trovata."
Piazza Armerina,086014,Enna,false,decisione_azienda,,,,https://www.acquaenna.it/index.php/category/avvisi/,"Nessuna evidenza di ordinanza risparmio idrico 2024 trovata. Trovata solo ordinanza di non potabilità (gennaio 2026 per ferro in eccesso - fuori perimetro). Servito da AcquaEnna. Aggiornamento turni erogazione agosto 2024. Provincia di Enna inclusa nell'emergenza regionale. AcquaEnna ha disposto rimodulazione erogazione idrica da marzo 2024 (-25% Ancipa), con progressivo inasprimento: turnazioni ogni 3-7 giorni da agosto-settembre 2024 (decisione Cabina di Regia emergenza idrica). Nessuna ordinanza sindacale specifica trovata."
Regalbuto,086016,Enna,false,,,,,,Nessuna evidenza specifica trovata. Comune nella provincia di Enna inclusa nell'emergenza regionale. Ricerca effettuata su siti istituzionali e news locali.
Sperlinga,086017,Enna,false,decisione_azienda,,,,https://www.acquaenna.it/index.php/category/avvisi/,"Nessuna evidenza specifica trovata. Piccolo comune nella provincia di Enna inclusa nell'emergenza regionale. Ricerca effettuata su siti istituzionali e news locali. AcquaEnna ha disposto rimodulazione erogazione idrica da marzo 2024 (-25% Ancipa), con progressivo inasprimento: turnazioni ogni 3-7 giorni da agosto-settembre 2024 (decisione Cabina di Regia emergenza idrica). Nessuna ordinanza sindacale specifica trovata."
Valguarnera Caropepe,086019,Enna,false,decisione_azienda,,,,https://www.acquaenna.it/index.php/category/avvisi/,"Nessuna evidenza specifica trovata. Comune nella provincia di Enna inclusa nell'emergenza regionale. Servito da AcquaEnna. Ricerca effettuata su siti istituzionali e news locali. AcquaEnna ha disposto rimodulazione erogazione idrica da marzo 2024 (-25% Ancipa), con progressivo inasprimento: turnazioni ogni 3-7 giorni da agosto-settembre 2024 (decisione Cabina di Regia emergenza idrica). Nessuna ordinanza sindacale specifica trovata."
Villarosa,086020,Enna,false,decisione_azienda,,,,https://www.acquaenna.it/index.php/category/avvisi/,"Nessuna evidenza specifica trovata. Comune nella provincia di Enna inclusa nell'emergenza regionale. Servito da AcquaEnna. Ricerca effettuata su siti istituzionali e news locali. AcquaEnna ha disposto rimodulazione erogazione idrica da marzo 2024 (-25% Ancipa), con progressivo inasprimento: turnazioni ogni 3-7 giorni da agosto-settembre 2024 (decisione Cabina di Regia emergenza idrica). Nessuna ordinanza sindacale specifica trovata."
Aci Bonaccorsi,087001,Catania,false,,,,,,Nessuna evidenza specifica trovata. Piccolo comune nella provincia di Catania. Provincia CT non esplicitamente inclusa nella dichiarazione di emergenza regionale del 04/04/2024 (delibera GR n.100/2023). Ricerca effettuata su siti istituzionali e news locali.
Aci Castello,087002,Catania,false,,,,,,Nessuna evidenza specifica trovata. Comune nella provincia di Catania. Provincia CT non esplicitamente inclusa nella dichiarazione di emergenza regionale del 04/04/2024. Ricerca effettuata su siti istituzionali e news locali.
Aci Catena,087003,Catania,false,,,,,,Nessuna evidenza specifica trovata. Comune nella provincia di Catania. Provincia CT non esplicitamente inclusa nella dichiarazione di emergenza regionale del 04/04/2024. Ricerca effettuata su siti istituzionali e news locali.
Aci Sant'Antonio,087005,Catania,false,,,,,,Nessuna evidenza specifica trovata. Comune nella provincia di Catania. Provincia CT non esplicitamente inclusa nella dichiarazione di emergenza regionale del 04/04/2024. Ricerca effettuata su siti istituzionali e news locali.
Belpasso,087007,Catania,false,,,,,,Nessuna evidenza di ordinanza risparmio idrico 2024. Storico episodio di non potabilità per idrocarburi. Provincia CT non esplicitamente inclusa nella dichiarazione di emergenza regionale del 04/04/2024. Ricerca effettuata su siti istituzionali e news locali.
Biancavilla,087008,Catania,true,ordinanza_sindacale,47,2024-06-17,Razionalizzazione uso acqua potabile. Divieti per usi non domestici.,https://www.comune.biancavilla.ct.it/s3/675/allegati/ordinanze/ordinanza_n_47_2024_razionalizzazione-acqua-potabile.pdf,Ordinanza n.47 del 17/06/2024 del Comune di Biancavilla. PDF disponibile su sito istituzionale. Testo completo non leggibile tramite fetch (file PDF binario compresso) ma URL diretto al documento ufficiale confermato.
Bronte,087009,Catania,false,,,,,,Nessuna evidenza specifica trovata. Comune nella provincia di Catania. Provincia CT non esplicitamente inclusa nella dichiarazione di emergenza regionale del 04/04/2024. Ricerca effettuata su siti istituzionali e news locali.
Calatabiano,087010,Catania,false,,,,,,Nessuna evidenza specifica trovata. Comune nella provincia di Catania. Provincia CT non esplicitamente inclusa nella dichiarazione di emergenza regionale del 04/04/2024. Ricerca effettuata su siti istituzionali e news locali.
Caltagirone,087011,Catania,false,,,,,,Nessuna evidenza specifica trovata. Comune nella provincia di Catania. Servito da SIE SpA. Provincia CT non esplicitamente inclusa nella dichiarazione di emergenza regionale del 04/04/2024. Trovata solo ordinanza 2023. Ricerca effettuata.
Castel di Iudica,087013,Catania,false,,,,,,Nessuna evidenza specifica trovata. Comune nella provincia di Catania. Provincia CT non esplicitamente inclusa nella dichiarazione di emergenza regionale del 04/04/2024. Ricerca effettuata su siti istituzionali e news locali.
Catania,087015,Catania,false,,,,,,Nessuna evidenza specifica di ordinanza risparmio idrico 2024 trovata per il capoluogo di Catania. Provincia CT non esplicitamente inclusa nella dichiarazione di emergenza regionale del 04/04/2024. Ricerca effettuata su siti istituzionali e news locali.
Fiumefreddo di Sicilia,087016,Catania,false,,,,,,Nessuna evidenza specifica trovata. Comune nella provincia di Catania. Provincia CT non esplicitamente inclusa nella dichiarazione di emergenza regionale del 04/04/2024. Ricerca effettuata su siti istituzionali e news locali.
Giarre,087017,Catania,false,,,,,,Nessuna evidenza specifica trovata. Comune nella provincia di Catania. Provincia CT non esplicitamente inclusa nella dichiarazione di emergenza regionale del 04/04/2024. Ricerca effettuata su siti istituzionali e news locali.
Grammichele,087018,Catania,false,,,,,,Nessuna evidenza specifica trovata. Comune nella provincia di Catania. Servito da SIE SpA. Provincia CT non esplicitamente inclusa nella dichiarazione di emergenza regionale del 04/04/2024. Ricerca effettuata su siti istituzionali e news locali.
Licodia Eubea,087020,Catania,false,,,,,,Nessuna evidenza specifica trovata. Comune nella provincia di Catania. Servito da SIE SpA. Provincia CT non esplicitamente inclusa nella dichiarazione di emergenza regionale del 04/04/2024. Ricerca effettuata su siti istituzionali e news locali.
Maletto,087022,Catania,false,,,,,,Nessuna evidenza specifica trovata. Comune nella provincia di Catania. Provincia CT non esplicitamente inclusa nella dichiarazione di emergenza regionale del 04/04/2024. Ricerca effettuata su siti istituzionali e news locali.
Mascali,087023,Catania,false,,,,,,Nessuna evidenza specifica trovata. Comune nella provincia di Catania. Provincia CT non esplicitamente inclusa nella dichiarazione di emergenza regionale del 04/04/2024. Ricerca effettuata su siti istituzionali e news locali.
Mascalucia,087024,Catania,false,,,,,,Nessuna evidenza di ordinanza risparmio idrico 2024. Storico episodio di non potabilità per idrocarburi. Provincia CT non esplicitamente inclusa nella dichiarazione di emergenza regionale del 04/04/2024. Ricerca effettuata su siti istituzionali e news locali.
Militello in Val di Catania,087025,Catania,false,,,,,,Nessuna evidenza specifica trovata. Comune nella provincia di Catania. Servito da SIE SpA. Provincia CT non esplicitamente inclusa nella dichiarazione di emergenza regionale del 04/04/2024. Ricerca effettuata su siti istituzionali e news locali.
Milo,087026,Catania,false,,,,,,Nessuna evidenza specifica trovata. Piccolo comune nella provincia di Catania. Provincia CT non esplicitamente inclusa nella dichiarazione di emergenza regionale del 04/04/2024. Ricerca effettuata su siti istituzionali e news locali.
Mineo,087027,Catania,false,,,,,,Nessuna evidenza specifica trovata. Comune nella provincia di Catania. Provincia CT non esplicitamente inclusa nella dichiarazione di emergenza regionale del 04/04/2024. Ricerca effettuata su siti istituzionali e news locali.
Mirabella Imbaccari,087028,Catania,false,,,,,,Nessuna evidenza specifica trovata. Comune nella provincia di Catania. Provincia CT non esplicitamente inclusa nella dichiarazione di emergenza regionale del 04/04/2024. Ricerca effettuata su siti istituzionali e news locali.
Misterbianco,087029,Catania,false,,,,,,Nessuna evidenza specifica trovata. Comune nella provincia di Catania. Provincia CT non esplicitamente inclusa nella dichiarazione di emergenza regionale del 04/04/2024. Ricerca effettuata su siti istituzionali e news locali.
Motta Sant'Anastasia,087030,Catania,false,,,,,,Nessuna evidenza specifica trovata. Comune nella provincia di Catania. Provincia CT non esplicitamente inclusa nella dichiarazione di emergenza regionale del 04/04/2024. Ricerca effettuata su siti istituzionali e news locali.
Nicolosi,087031,Catania,false,,,,,,Nessuna evidenza chiara di ordinanza risparmio idrico nel 2024. Trovato articolo (pubbl. gennaio 2025) su ordinanza del sindaco Angelo Pulvirenti per riduzione consumi idrici ma data incerta (potrebbe essere fine 2024 o inizio 2025). Città Metropolitana di Catania citata per vademecum. Ricerca effettuata.
Palagonia,087032,Catania,false,,,,,,Nessuna evidenza specifica trovata. Comune nella provincia di Catania. Provincia CT non esplicitamente inclusa nella dichiarazione di emergenza regionale del 04/04/2024. Ricerca effettuata su siti istituzionali e news locali.
Paternò,087033,Catania,false,,,,,,Nessuna evidenza specifica trovata. Comune nella provincia di Catania. Provincia CT non esplicitamente inclusa nella dichiarazione di emergenza regionale del 04/04/2024. Ricerca effettuata su siti istituzionali e news locali.
Pedara,087034,Catania,false,,,,,,Nessuna evidenza specifica trovata. Comune nella provincia di Catania. Provincia CT non esplicitamente inclusa nella dichiarazione di emergenza regionale del 04/04/2024. Ricerca effettuata su siti istituzionali e news locali.
Piedimonte Etneo,087035,Catania,false,,,,,,Nessuna evidenza specifica trovata. Piccolo comune nella provincia di Catania. Provincia CT non esplicitamente inclusa nella dichiarazione di emergenza regionale del 04/04/2024. Ricerca effettuata su siti istituzionali e news locali.
Raddusa,087036,Catania,false,,,,,,Nessuna evidenza specifica trovata. Comune nella provincia di Catania. Provincia CT non esplicitamente inclusa nella dichiarazione di emergenza regionale del 04/04/2024. Ricerca effettuata su siti istituzionali e news locali.
Ramacca,087037,Catania,false,,,,,,Nessuna evidenza specifica trovata. Comune nella provincia di Catania. Provincia CT non esplicitamente inclusa nella dichiarazione di emergenza regionale del 04/04/2024. Ricerca effettuata su siti istituzionali e news locali.
Randazzo,087038,Catania,false,,,,,,Nessuna evidenza specifica trovata. Comune nella provincia di Catania. Provincia CT non esplicitamente inclusa nella dichiarazione di emergenza regionale del 04/04/2024. Ricerca effettuata su siti istituzionali e news locali.
Riposto,087039,Catania,false,,,,,,Nessuna evidenza specifica trovata. Comune nella provincia di Catania. Provincia CT non esplicitamente inclusa nella dichiarazione di emergenza regionale del 04/04/2024. Ricerca effettuata su siti istituzionali e news locali.
San Cono,087040,Catania,false,,,,,,Nessuna evidenza specifica trovata. Piccolo comune nella provincia di Catania. Provincia CT non esplicitamente inclusa nella dichiarazione di emergenza regionale del 04/04/2024. Ricerca effettuata su siti istituzionali e news locali.
San Michele di Ganzaria,087043,Catania,false,,,,,,Nessuna evidenza specifica trovata. Comune nella provincia di Catania. Provincia CT non esplicitamente inclusa nella dichiarazione di emergenza regionale del 04/04/2024. Ricerca effettuata su siti istituzionali e news locali.
San Pietro Clarenza,087044,Catania,false,,,,,,Nessuna evidenza specifica trovata. Piccolo comune nella provincia di Catania. Provincia CT non esplicitamente inclusa nella dichiarazione di emergenza regionale del 04/04/2024. Ricerca effettuata su siti istituzionali e news locali.
Sant'Agata li Battiati,087045,Catania,false,,,,,,Nessuna evidenza specifica trovata. Comune nella provincia di Catania. Provincia CT non esplicitamente inclusa nella dichiarazione di emergenza regionale del 04/04/2024. Ricerca effettuata su siti istituzionali e news locali.
Sant'Alfio,087046,Catania,false,,,,,,Nessuna evidenza specifica trovata. Piccolo comune nella provincia di Catania. Provincia CT non esplicitamente inclusa nella dichiarazione di emergenza regionale del 04/04/2024. Ricerca effettuata su siti istituzionali e news locali.
Santa Maria di Licodia,087047,Catania,false,,,,,,Nessuna evidenza specifica trovata. Comune nella provincia di Catania. Provincia CT non esplicitamente inclusa nella dichiarazione di emergenza regionale del 04/04/2024. Ricerca effettuata su siti istituzionali e news locali.
Santa Venerina,087048,Catania,false,,,,,,Nessuna evidenza specifica trovata. Comune nella provincia di Catania. Provincia CT non esplicitamente inclusa nella dichiarazione di emergenza regionale del 04/04/2024. Ricerca effettuata su siti istituzionali e news locali.
Scordia,087049,Catania,false,,,,,,Nessuna evidenza specifica trovata. Comune nella provincia di Catania. Fino al 2025 servito da gestione autonoma (poi SIE SpA). Provincia CT non esplicitamente inclusa nella dichiarazione di emergenza regionale del 04/04/2024. Ricerca effettuata.
Trecastagni,087050,Catania,false,,,,,,Nessuna evidenza specifica trovata. Comune nella provincia di Catania. Provincia CT non esplicitamente inclusa nella dichiarazione di emergenza regionale del 04/04/2024. Ricerca effettuata su siti istituzionali e news locali.
Tremestieri Etneo,087051,Catania,false,,,,,,Nessuna evidenza specifica trovata. Comune nella provincia di Catania. Provincia CT non esplicitamente inclusa nella dichiarazione di emergenza regionale del 04/04/2024. Ricerca effettuata su siti istituzionali e news locali.
Valverde,087052,Catania,false,,,,,,Nessuna evidenza specifica trovata. Piccolo comune nella provincia di Catania. Provincia CT non esplicitamente inclusa nella dichiarazione di emergenza regionale del 04/04/2024. Ricerca effettuata su siti istituzionali e news locali.
Viagrande,087053,Catania,false,,,,,,Nessuna evidenza specifica trovata. Comune nella provincia di Catania. Provincia CT non esplicitamente inclusa nella dichiarazione di emergenza regionale del 04/04/2024. Ricerca effettuata su siti istituzionali e news locali.
Vizzini,087054,Catania,false,,,,,,Nessuna evidenza specifica trovata. Comune nella provincia di Catania. Provincia CT non esplicitamente inclusa nella dichiarazione di emergenza regionale del 04/04/2024. Ricerca effettuata su siti istituzionali e news locali.
Zafferana Etnea,087055,Catania,false,,,,,,Nessuna evidenza specifica trovata. Comune nella provincia di Catania. Provincia CT non esplicitamente inclusa nella dichiarazione di emergenza regionale del 04/04/2024. Ricerca effettuata su siti istituzionali e news locali.
Mazzarrone,087056,Catania,false,,,,,,Nessuna evidenza specifica trovata. Piccolo comune nella provincia di Catania. Provincia CT non esplicitamente inclusa nella dichiarazione di emergenza regionale del 04/04/2024. Ricerca effettuata su siti istituzionali e news locali.
Maniace,087057,Catania,false,,,,,,Nessuna evidenza specifica trovata. Piccolo comune nella provincia di Catania. Provincia CT non esplicitamente inclusa nella dichiarazione di emergenza regionale del 04/04/2024. Ricerca effettuata su siti istituzionali e news locali.
Acate,088001,Ragusa,false,,,,,,Nessuna evidenza specifica trovata. Comune nella provincia di Ragusa. Provincia RG non inclusa nella dichiarazione di emergenza regionale del 04/04/2024 (delibera GR n.100/2023). Gestione idrica tramite Iblea Acque. Ricerca effettuata su siti istituzionali e news locali.
Chiaramonte Gulfi,088002,Ragusa,false,,,,,,Nessuna evidenza specifica trovata. Comune nella provincia di Ragusa. Provincia RG non inclusa nella dichiarazione di emergenza regionale del 04/04/2024. Gestione idrica tramite Iblea Acque. Ricerca effettuata su siti istituzionali e news locali.
Comiso,088003,Ragusa,false,,,,,,Nessuna evidenza specifica trovata. Comune nella provincia di Ragusa. Provincia RG non inclusa nella dichiarazione di emergenza regionale del 04/04/2024. Gestione idrica tramite Iblea Acque. Ricerca effettuata su siti istituzionali e news locali.
Ispica,088005,Ragusa,false,,,,,,Nessuna evidenza specifica trovata. Comune nella provincia di Ragusa. Provincia RG non inclusa nella dichiarazione di emergenza regionale del 04/04/2024. Gestione idrica tramite Iblea Acque. Ricerca effettuata su siti istituzionali e news locali.
Monterosso Almo,088007,Ragusa,false,,,,,,Nessuna evidenza specifica trovata. Piccolo comune nella provincia di Ragusa. Provincia RG non inclusa nella dichiarazione di emergenza regionale del 04/04/2024. Ricerca effettuata su siti istituzionali e news locali.
Pozzallo,088008,Ragusa,false,,,,,,Nessuna evidenza specifica trovata. Comune nella provincia di Ragusa. Provincia RG non inclusa nella dichiarazione di emergenza regionale del 04/04/2024. Gestione idrica tramite Iblea Acque. Ricerca effettuata su siti istituzionali e news locali.
Santa Croce Camerina,088010,Ragusa,false,,,,,,Nessuna evidenza specifica trovata. Comune nella provincia di Ragusa. Provincia RG non inclusa nella dichiarazione di emergenza regionale del 04/04/2024. Ricerca effettuata su siti istituzionali e news locali.
Avola,089002,Siracusa,false,,,,,,Nessuna evidenza di ordinanza risparmio idrico 2024. Trovato solo vecchio articolo su non potabilità (acqua torbida) senza data 2024. Provincia SR non inclusa nella dichiarazione di emergenza regionale del 04/04/2024. Ricerca effettuata su siti istituzionali e news locali.
Buccheri,089003,Siracusa,false,,,,,,Nessuna evidenza specifica trovata. Piccolo comune nella provincia di Siracusa. Provincia SR non inclusa nella dichiarazione di emergenza regionale del 04/04/2024. Ricerca effettuata su siti istituzionali e news locali.
Buscemi,089004,Siracusa,false,,,,,,Nessuna evidenza specifica trovata. Piccolo comune nella provincia di Siracusa. Provincia SR non inclusa nella dichiarazione di emergenza regionale del 04/04/2024. Ricerca effettuata su siti istituzionali e news locali.
Canicattini Bagni,089005,Siracusa,false,,,,,,Nessuna evidenza specifica trovata. Comune nella provincia di Siracusa. Provincia SR non inclusa nella dichiarazione di emergenza regionale del 04/04/2024. Ricerca effettuata su siti istituzionali e news locali.
Carlentini,089006,Siracusa,true,ordinanza_sindacale,28,2024-07-17,Uso acqua pubblica esclusivamente per scopi domestici e igienico-sanitari. Divieto: irrigazione attività produttive; lavaggio veicoli; riempimento piscine; prelievo da fontane pubbliche per usi non potabili. Vigente fino al 30/09/2024.,https://archivio.comune.carlentini.sr.it/risparmio-idrico-ordinanza-per-uso-razionale-e-contro-uso-improprio-acqua-potabile/,Ordinanza n.28 del 17 luglio 2024 del sindaco di Carlentini. Trovata su archivio sito istituzionale del Comune. Testo integrale accessibile. Ben documentata.
Cassaro,089007,Siracusa,false,,,,,,Nessuna evidenza specifica trovata. Piccolo comune nella provincia di Siracusa. Provincia SR non inclusa nella dichiarazione di emergenza regionale del 04/04/2024. Ricerca effettuata su siti istituzionali e news locali.
Ferla,089008,Siracusa,false,,,,,,Nessuna evidenza specifica trovata. Piccolo comune nella provincia di Siracusa. Provincia SR non inclusa nella dichiarazione di emergenza regionale del 04/04/2024. Ricerca effettuata su siti istituzionali e news locali.
Floridia,089009,Siracusa,false,,,,,,Nessuna evidenza di ordinanza risparmio idrico 2024 trovata. Trovato riferimento a emergenza Ecomac con divieto uso potabile acqua (poi revocata) ma non si tratta di risparmio idrico. Provincia SR non inclusa nella dichiarazione di emergenza regionale del 04/04/2024.
Francofonte,089010,Siracusa,false,,,,,,Nessuna evidenza specifica trovata. Comune nella provincia di Siracusa. Servito da ACEA insieme a Lentini e Carlentini. Provincia SR non inclusa nella dichiarazione di emergenza regionale del 04/04/2024. Ricerca effettuata su siti istituzionali e news locali.
Lentini,089011,Siracusa,false,,,,,,Nessuna evidenza specifica trovata. Comune nella provincia di Siracusa. Servito da ACEA. Provincia SR non inclusa nella dichiarazione di emergenza regionale del 04/04/2024. Ricerca effettuata su siti istituzionali e news locali.
Melilli,089012,Siracusa,false,,,,,,Nessuna evidenza specifica trovata. Comune nella provincia di Siracusa. Provincia SR non inclusa nella dichiarazione di emergenza regionale del 04/04/2024. Ricerca effettuata su siti istituzionali e news locali.
Noto,089013,Siracusa,false,,,,,,Nessuna evidenza specifica trovata. Comune nella provincia di Siracusa. Provincia SR non inclusa nella dichiarazione di emergenza regionale del 04/04/2024. Ricerca effettuata su siti istituzionali e news locali.
Pachino,089014,Siracusa,false,,,,,,Nessuna evidenza specifica trovata. Comune nella provincia di Siracusa. Provincia SR non inclusa nella dichiarazione di emergenza regionale del 04/04/2024. Ricerca effettuata su siti istituzionali e news locali.
Palazzolo Acreide,089015,Siracusa,false,,,,,,Nessuna evidenza specifica trovata. Comune nella provincia di Siracusa. Provincia SR non inclusa nella dichiarazione di emergenza regionale del 04/04/2024. Ricerca effettuata su siti istituzionali e news locali.
Rosolini,089016,Siracusa,false,,,,,,Nessuna evidenza specifica trovata. Comune nella provincia di Siracusa. Provincia SR non inclusa nella dichiarazione di emergenza regionale del 04/04/2024. Ricerca effettuata su siti istituzionali e news locali.
Solarino,089018,Siracusa,false,,,,,,Nessuna evidenza specifica trovata. Comune nella provincia di Siracusa. Provincia SR non inclusa nella dichiarazione di emergenza regionale del 04/04/2024. Ricerca effettuata su siti istituzionali e news locali.
Portopalo di Capo Passero,089020,Siracusa,false,,,,,,Nessuna evidenza specifica trovata. Piccolo comune nella provincia di Siracusa. Provincia SR non inclusa nella dichiarazione di emergenza regionale del 04/04/2024. Ricerca effettuata su siti istituzionali e news locali.
Priolo Gargallo,089021,Siracusa,false,,,,,,Nessuna evidenza specifica trovata. Comune nella provincia di Siracusa. Provincia SR non inclusa nella dichiarazione di emergenza regionale del 04/04/2024. Ricerca effettuata su siti istituzionali e news locali.
Aliminusa,082003,Palermo,false,,20,2024-06-18,,https://www.comune.aliminusa.pa.it/,"Trovata ordinanza n.20 del 18/06/2024 relativa al divieto di utilizzo dell'acqua potabile dall'acquedotto Montescuro Est (non potabilità), poi revocata con delibera n.33 del 24/06/2024. Si tratta di ordinanza di non potabilità puntuale, non di risparmio idrico strutturale. Marcata false per coerenza con l'oggetto della ricerca. Comune servito da AMAP. Provincia di Palermo inclusa nell'emergenza regionale (delibera GR n.100/2023)."
Lucca Sicula,084022,Agrigento,false,decisione_azienda,,,,https://www.aicaonline.it/argomenti/comunicati-stampa/,"Nessuna evidenza specifica trovata. Comune nella provincia di Agrigento inclusa nell'emergenza regionale (delibera GR n.100/2023). Servito da AICA. Ricerca effettuata su siti istituzionali e news locali. AICA (gestore AG) in crisi idrica nel 2024: potenziamento autobotti per tutti i comuni gestiti (mag 2024), interruzioni acquedotti, riduzioni forniture. Nessuna ordinanza sindacale specifica trovata."
Siculiana,084042,Agrigento,false,decisione_azienda,,,,https://www.aicaonline.it/argomenti/comunicati-stampa/,"Nessuna evidenza specifica trovata. Comune nella provincia di Agrigento inclusa nell'emergenza regionale (delibera GR n.100/2023). Servito da AICA. Ricerca effettuata su siti istituzionali (comune.siculiana.ag.it) e news locali. AICA (gestore AG) in crisi idrica nel 2024: potenziamento autobotti per tutti i comuni gestiti (mag 2024), interruzioni acquedotti, riduzioni forniture. Nessuna ordinanza sindacale specifica trovata."
Montedoro,085011,Caltanissetta,false,decisione_azienda,,,,https://www.caltaqua.it/,Nessuna evidenza specifica trovata. Comune nella provincia di Caltanissetta inclusa nell'emergenza regionale (delibera GR n.100/2023). Servito da Caltaqua. Ricerca effettuata su siti istituzionali e news locali. Caltaqua (gestore CL) ha rimodulato la distribuzione da giugno 2024 (turni ogni 3-4 giorni) per calo forniture Siciliacque + aumento consumi estivi. Nessuna ordinanza sindacale specifica trovata.
Delia,085006,Caltanissetta,false,decisione_azienda,,,,https://www.caltaqua.it/,Nessuna evidenza specifica trovata. Comune nella provincia di Caltanissetta inclusa nell'emergenza regionale (delibera GR n.100/2023). Servito da Caltaqua. Ricerca effettuata su siti istituzionali e news locali. Caltaqua (gestore CL) ha rimodulato la distribuzione da giugno 2024 (turni ogni 3-4 giorni) per calo forniture Siciliacque + aumento consumi estivi. Nessuna ordinanza sindacale specifica trovata.
