provincia,stagione,anno,precip_mm
Palermo,Inverno,1951,219.85
Palermo,Inverno,1952,254.21
Palermo,Inverno,1953,279.73
Palermo,Inverno,1954,418.82
Palermo,Inverno,1955,370.55
Palermo,Inverno,1956,301.27
Palermo,Inverno,1957,193.77
Palermo,Inverno,1958,257.78
Palermo,Inverno,1959,212.08
Palermo,Inverno,1960,295.94
Palermo,Inverno,1961,354.07
Palermo,Inverno,1962,238.58
Palermo,Inverno,1963,344.41
Palermo,Inverno,1964,265.41
Palermo,Inverno,1965,418.38
Palermo,Inverno,1966,226.04
Palermo,Inverno,1967,269.58
Palermo,Inverno,1968,310.89
Palermo,Inverno,1969,344.24
Palermo,Inverno,1970,363.6
Palermo,Inverno,1971,283.0
Palermo,Inverno,1972,308.06
Palermo,Inverno,1973,384.19
Palermo,Inverno,1974,270.87
Palermo,Inverno,1975,140.1
Palermo,Inverno,1976,326.0
Palermo,Inverno,1977,248.56
Palermo,Inverno,1978,297.09
Palermo,Inverno,1979,276.25
Palermo,Inverno,1980,159.84
Palermo,Inverno,1981,358.12
Palermo,Inverno,1982,229.39
Palermo,Inverno,1983,209.82
Palermo,Inverno,1984,297.51
Palermo,Inverno,1985,309.47
Palermo,Inverno,1986,233.38
Palermo,Inverno,1987,265.35
Palermo,Inverno,1988,225.45
Palermo,Inverno,1989,161.79
Palermo,Inverno,1990,130.02
Palermo,Inverno,1991,318.81
Palermo,Inverno,1992,206.52
Palermo,Inverno,1993,225.88
Palermo,Inverno,1994,323.81
Palermo,Inverno,1995,217.15
Palermo,Inverno,1996,344.64
Palermo,Inverno,1997,299.15
Palermo,Inverno,1998,251.55
Palermo,Inverno,1999,229.34
Palermo,Inverno,2000,193.39
Palermo,Inverno,2001,326.2
Palermo,Inverno,2002,163.29
Palermo,Inverno,2003,333.31
Palermo,Inverno,2004,248.69
Palermo,Inverno,2005,358.38
Palermo,Inverno,2006,351.98
Palermo,Inverno,2007,180.04
Palermo,Inverno,2008,165.96
Palermo,Inverno,2009,486.49
Palermo,Inverno,2010,431.66
Palermo,Inverno,2011,225.83
Palermo,Inverno,2012,327.35
Palermo,Inverno,2013,379.18
Palermo,Inverno,2014,315.72
Palermo,Inverno,2015,485.1
Palermo,Inverno,2016,136.08
Palermo,Inverno,2017,270.13
Palermo,Inverno,2018,299.51
Palermo,Inverno,2019,218.05
Palermo,Inverno,2020,102.47
Palermo,Inverno,2021,305.15
Palermo,Inverno,2022,252.26
Palermo,Inverno,2023,161.51
Palermo,Inverno,2024,184.03
Palermo,Inverno,2025,122.6
Palermo,Primavera,1951,182.53
Palermo,Primavera,1952,84.2
Palermo,Primavera,1953,164.46
Palermo,Primavera,1954,225.68
Palermo,Primavera,1955,183.49
Palermo,Primavera,1956,92.74
Palermo,Primavera,1957,200.85
Palermo,Primavera,1958,195.75
Palermo,Primavera,1959,262.76
Palermo,Primavera,1960,249.75
Palermo,Primavera,1961,81.91
Palermo,Primavera,1962,146.48
Palermo,Primavera,1963,211.11
Palermo,Primavera,1964,154.12
Palermo,Primavera,1965,76.78
Palermo,Primavera,1966,315.82
Palermo,Primavera,1967,110.93
Palermo,Primavera,1968,102.25
Palermo,Primavera,1969,181.02
Palermo,Primavera,1970,115.1
Palermo,Primavera,1971,163.55
Palermo,Primavera,1972,141.84
Palermo,Primavera,1973,187.13
Palermo,Primavera,1974,181.56
Palermo,Primavera,1975,153.14
Palermo,Primavera,1976,175.46
Palermo,Primavera,1977,111.43
Palermo,Primavera,1978,218.4
Palermo,Primavera,1979,172.44
Palermo,Primavera,1980,237.12
Palermo,Primavera,1981,57.95
Palermo,Primavera,1982,239.89
Palermo,Primavera,1983,106.8
Palermo,Primavera,1984,115.85
Palermo,Primavera,1985,245.18
Palermo,Primavera,1986,131.24
Palermo,Primavera,1987,144.5
Palermo,Primavera,1988,191.56
Palermo,Primavera,1989,118.49
Palermo,Primavera,1990,176.29
Palermo,Primavera,1991,164.93
Palermo,Primavera,1992,201.64
Palermo,Primavera,1993,160.1
Palermo,Primavera,1994,80.66
Palermo,Primavera,1995,137.5
Palermo,Primavera,1996,240.18
Palermo,Primavera,1997,99.26
Palermo,Primavera,1998,122.5
Palermo,Primavera,1999,80.96
Palermo,Primavera,2000,113.64
Palermo,Primavera,2001,126.24
Palermo,Primavera,2002,156.01
Palermo,Primavera,2003,123.43
Palermo,Primavera,2004,225.69
Palermo,Primavera,2005,231.29
Palermo,Primavera,2006,114.6
Palermo,Primavera,2007,261.02
Palermo,Primavera,2008,128.88
Palermo,Primavera,2009,198.05
Palermo,Primavera,2010,181.46
Palermo,Primavera,2011,180.79
Palermo,Primavera,2012,168.28
Palermo,Primavera,2013,218.06
Palermo,Primavera,2014,263.07
Palermo,Primavera,2015,210.73
Palermo,Primavera,2016,165.19
Palermo,Primavera,2017,92.98
Palermo,Primavera,2018,170.47
Palermo,Primavera,2019,158.4
Palermo,Primavera,2020,155.7
Palermo,Primavera,2021,137.13
Palermo,Primavera,2022,132.79
Palermo,Primavera,2023,229.51
Palermo,Primavera,2024,98.24
Palermo,Estate,1951,27.39
Palermo,Estate,1952,6.05
Palermo,Estate,1953,153.49
Palermo,Estate,1954,6.0
Palermo,Estate,1955,39.16
Palermo,Estate,1956,3.71
Palermo,Estate,1957,26.71
Palermo,Estate,1958,10.84
Palermo,Estate,1959,35.58
Palermo,Estate,1960,21.19
Palermo,Estate,1961,27.66
Palermo,Estate,1962,24.93
Palermo,Estate,1963,101.69
Palermo,Estate,1964,134.81
Palermo,Estate,1965,26.81
Palermo,Estate,1966,6.56
Palermo,Estate,1967,23.59
Palermo,Estate,1968,60.99
Palermo,Estate,1969,33.67
Palermo,Estate,1970,9.17
Palermo,Estate,1971,7.12
Palermo,Estate,1972,28.0
Palermo,Estate,1973,45.61
Palermo,Estate,1974,23.64
Palermo,Estate,1975,73.5
Palermo,Estate,1976,114.22
Palermo,Estate,1977,16.18
Palermo,Estate,1978,15.42
Palermo,Estate,1979,16.31
Palermo,Estate,1980,17.93
Palermo,Estate,1981,20.64
Palermo,Estate,1982,16.46
Palermo,Estate,1983,23.99
Palermo,Estate,1984,10.74
Palermo,Estate,1985,1.31
Palermo,Estate,1986,20.36
Palermo,Estate,1987,10.86
Palermo,Estate,1988,28.18
Palermo,Estate,1989,23.77
Palermo,Estate,1990,36.94
Palermo,Estate,1991,17.46
Palermo,Estate,1992,53.53
Palermo,Estate,1993,4.15
Palermo,Estate,1994,38.47
Palermo,Estate,1995,63.66
Palermo,Estate,1996,87.63
Palermo,Estate,1997,78.87
Palermo,Estate,1998,40.96
Palermo,Estate,1999,27.64
Palermo,Estate,2000,18.43
Palermo,Estate,2001,17.12
Palermo,Estate,2002,62.08
Palermo,Estate,2003,44.95
Palermo,Estate,2004,68.49
Palermo,Estate,2005,62.44
Palermo,Estate,2006,46.56
Palermo,Estate,2007,30.14
Palermo,Estate,2008,21.91
Palermo,Estate,2009,27.77
Palermo,Estate,2010,10.39
Palermo,Estate,2011,11.23
Palermo,Estate,2012,10.75
Palermo,Estate,2013,62.75
Palermo,Estate,2014,13.43
Palermo,Estate,2015,73.7
Palermo,Estate,2016,48.05
Palermo,Estate,2017,13.18
Palermo,Estate,2018,165.02
Palermo,Estate,2019,28.49
Palermo,Estate,2020,37.18
Palermo,Estate,2021,28.89
Palermo,Estate,2022,40.33
Palermo,Estate,2023,66.75
Palermo,Estate,2024,31.15
Palermo,Autunno,1951,399.06
Palermo,Autunno,1952,154.4
Palermo,Autunno,1953,208.97
Palermo,Autunno,1954,239.48
Palermo,Autunno,1955,337.02
Palermo,Autunno,1956,302.57
Palermo,Autunno,1957,289.22
Palermo,Autunno,1958,340.4
Palermo,Autunno,1959,233.05
Palermo,Autunno,1960,143.39
Palermo,Autunno,1961,214.97
Palermo,Autunno,1962,241.09
Palermo,Autunno,1963,208.13
Palermo,Autunno,1964,148.58
Palermo,Autunno,1965,221.97
Palermo,Autunno,1966,246.32
Palermo,Autunno,1967,158.98
Palermo,Autunno,1968,143.4
Palermo,Autunno,1969,219.27
Palermo,Autunno,1970,126.8
Palermo,Autunno,1971,221.09
Palermo,Autunno,1972,157.96
Palermo,Autunno,1973,171.93
Palermo,Autunno,1974,238.12
Palermo,Autunno,1975,177.2
Palermo,Autunno,1976,419.32
Palermo,Autunno,1977,117.01
Palermo,Autunno,1978,242.33
Palermo,Autunno,1979,251.19
Palermo,Autunno,1980,140.28
Palermo,Autunno,1981,109.95
Palermo,Autunno,1982,239.89
Palermo,Autunno,1983,258.41
Palermo,Autunno,1984,179.65
Palermo,Autunno,1985,152.04
Palermo,Autunno,1986,202.66
Palermo,Autunno,1987,239.95
Palermo,Autunno,1988,196.18
Palermo,Autunno,1989,169.11
Palermo,Autunno,1990,148.76
Palermo,Autunno,1991,218.33
Palermo,Autunno,1992,178.57
Palermo,Autunno,1993,293.79
Palermo,Autunno,1994,121.13
Palermo,Autunno,1995,236.0
Palermo,Autunno,1996,270.3
Palermo,Autunno,1997,344.15
Palermo,Autunno,1998,232.86
Palermo,Autunno,1999,178.69
Palermo,Autunno,2000,199.75
Palermo,Autunno,2001,107.96
Palermo,Autunno,2002,210.9
Palermo,Autunno,2003,293.85
Palermo,Autunno,2004,244.87
Palermo,Autunno,2005,174.92
Palermo,Autunno,2006,164.93
Palermo,Autunno,2007,274.53
Palermo,Autunno,2008,163.66
Palermo,Autunno,2009,391.53
Palermo,Autunno,2010,293.02
Palermo,Autunno,2011,202.75
Palermo,Autunno,2012,201.13
Palermo,Autunno,2013,236.13
Palermo,Autunno,2014,121.39
Palermo,Autunno,2015,359.2
Palermo,Autunno,2016,212.87
Palermo,Autunno,2017,174.55
Palermo,Autunno,2018,358.32
Palermo,Autunno,2019,308.25
Palermo,Autunno,2020,176.88
Palermo,Autunno,2021,451.92
Palermo,Autunno,2022,238.38
Palermo,Autunno,2023,97.88
Palermo,Autunno,2024,121.73
Messina,Inverno,1951,235.03
Messina,Inverno,1952,259.11
Messina,Inverno,1953,235.9
Messina,Inverno,1954,406.39
Messina,Inverno,1955,482.31
Messina,Inverno,1956,288.66
Messina,Inverno,1957,242.47
Messina,Inverno,1958,327.26
Messina,Inverno,1959,181.41
Messina,Inverno,1960,302.56
Messina,Inverno,1961,402.46
Messina,Inverno,1962,295.9
Messina,Inverno,1963,346.16
Messina,Inverno,1964,375.52
Messina,Inverno,1965,473.52
Messina,Inverno,1966,280.97
Messina,Inverno,1967,366.86
Messina,Inverno,1968,363.72
Messina,Inverno,1969,419.86
Messina,Inverno,1970,367.93
Messina,Inverno,1971,346.27
Messina,Inverno,1972,311.99
Messina,Inverno,1973,881.12
Messina,Inverno,1974,346.24
Messina,Inverno,1975,248.61
Messina,Inverno,1976,319.03
Messina,Inverno,1977,392.7
Messina,Inverno,1978,334.77
Messina,Inverno,1979,285.84
Messina,Inverno,1980,287.99
Messina,Inverno,1981,466.75
Messina,Inverno,1982,275.58
Messina,Inverno,1983,253.33
Messina,Inverno,1984,339.69
Messina,Inverno,1985,518.36
Messina,Inverno,1986,254.52
Messina,Inverno,1987,352.64
Messina,Inverno,1988,352.65
Messina,Inverno,1989,240.62
Messina,Inverno,1990,251.31
Messina,Inverno,1991,357.9
Messina,Inverno,1992,370.64
Messina,Inverno,1993,357.63
Messina,Inverno,1994,461.86
Messina,Inverno,1995,229.03
Messina,Inverno,1996,605.09
Messina,Inverno,1997,347.89
Messina,Inverno,1998,218.65
Messina,Inverno,1999,286.64
Messina,Inverno,2000,360.38
Messina,Inverno,2001,300.5
Messina,Inverno,2002,246.9
Messina,Inverno,2003,415.32
Messina,Inverno,2004,378.62
Messina,Inverno,2005,426.03
Messina,Inverno,2006,528.74
Messina,Inverno,2007,449.27
Messina,Inverno,2008,241.0
Messina,Inverno,2009,717.7
Messina,Inverno,2010,494.64
Messina,Inverno,2011,335.34
Messina,Inverno,2012,449.96
Messina,Inverno,2013,360.11
Messina,Inverno,2014,321.43
Messina,Inverno,2015,483.19
Messina,Inverno,2016,180.03
Messina,Inverno,2017,349.27
Messina,Inverno,2018,329.69
Messina,Inverno,2019,288.16
Messina,Inverno,2020,139.47
Messina,Inverno,2021,253.46
Messina,Inverno,2022,280.27
Messina,Inverno,2023,195.23
Messina,Inverno,2024,212.11
Messina,Inverno,2025,160.15
Messina,Primavera,1951,193.04
Messina,Primavera,1952,139.32
Messina,Primavera,1953,283.78
Messina,Primavera,1954,283.77
Messina,Primavera,1955,217.95
Messina,Primavera,1956,160.95
Messina,Primavera,1957,222.79
Messina,Primavera,1958,235.98
Messina,Primavera,1959,294.07
Messina,Primavera,1960,340.9
Messina,Primavera,1961,97.98
Messina,Primavera,1962,198.38
Messina,Primavera,1963,255.67
Messina,Primavera,1964,201.98
Messina,Primavera,1965,90.86
Messina,Primavera,1966,380.46
Messina,Primavera,1967,159.88
Messina,Primavera,1968,96.29
Messina,Primavera,1969,250.73
Messina,Primavera,1970,136.57
Messina,Primavera,1971,186.82
Messina,Primavera,1972,180.29
Messina,Primavera,1973,262.24
Messina,Primavera,1974,192.43
Messina,Primavera,1975,173.15
Messina,Primavera,1976,213.44
Messina,Primavera,1977,145.24
Messina,Primavera,1978,287.37
Messina,Primavera,1979,171.96
Messina,Primavera,1980,300.57
Messina,Primavera,1981,62.62
Messina,Primavera,1982,252.4
Messina,Primavera,1983,114.12
Messina,Primavera,1984,192.35
Messina,Primavera,1985,274.87
Messina,Primavera,1986,259.33
Messina,Primavera,1987,187.91
Messina,Primavera,1988,251.2
Messina,Primavera,1989,138.44
Messina,Primavera,1990,179.2
Messina,Primavera,1991,174.82
Messina,Primavera,1992,227.1
Messina,Primavera,1993,226.88
Messina,Primavera,1994,116.39
Messina,Primavera,1995,181.25
Messina,Primavera,1996,293.16
Messina,Primavera,1997,140.11
Messina,Primavera,1998,133.56
Messina,Primavera,1999,119.14
Messina,Primavera,2000,157.36
Messina,Primavera,2001,171.56
Messina,Primavera,2002,246.4
Messina,Primavera,2003,172.96
Messina,Primavera,2004,213.24
Messina,Primavera,2005,228.14
Messina,Primavera,2006,164.13
Messina,Primavera,2007,277.42
Messina,Primavera,2008,132.95
Messina,Primavera,2009,229.97
Messina,Primavera,2010,182.8
Messina,Primavera,2011,330.93
Messina,Primavera,2012,188.93
Messina,Primavera,2013,219.1
Messina,Primavera,2014,244.12
Messina,Primavera,2015,261.32
Messina,Primavera,2016,201.48
Messina,Primavera,2017,108.07
Messina,Primavera,2018,141.89
Messina,Primavera,2019,199.09
Messina,Primavera,2020,199.61
Messina,Primavera,2021,189.34
Messina,Primavera,2022,138.62
Messina,Primavera,2023,369.79
Messina,Primavera,2024,124.72
Messina,Estate,1951,38.02
Messina,Estate,1952,15.71
Messina,Estate,1953,85.41
Messina,Estate,1954,14.82
Messina,Estate,1955,94.45
Messina,Estate,1956,7.71
Messina,Estate,1957,41.7
Messina,Estate,1958,10.0
Messina,Estate,1959,102.62
Messina,Estate,1960,31.51
Messina,Estate,1961,51.56
Messina,Estate,1962,34.41
Messina,Estate,1963,178.07
Messina,Estate,1964,163.43
Messina,Estate,1965,21.53
Messina,Estate,1966,12.37
Messina,Estate,1967,37.14
Messina,Estate,1968,80.28
Messina,Estate,1969,61.65
Messina,Estate,1970,14.18
Messina,Estate,1971,30.19
Messina,Estate,1972,65.54
Messina,Estate,1973,73.07
Messina,Estate,1974,32.63
Messina,Estate,1975,96.31
Messina,Estate,1976,155.2
Messina,Estate,1977,33.55
Messina,Estate,1978,22.93
Messina,Estate,1979,44.58
Messina,Estate,1980,50.12
Messina,Estate,1981,68.67
Messina,Estate,1982,43.9
Messina,Estate,1983,71.22
Messina,Estate,1984,28.16
Messina,Estate,1985,7.48
Messina,Estate,1986,41.98
Messina,Estate,1987,23.91
Messina,Estate,1988,44.02
Messina,Estate,1989,67.98
Messina,Estate,1990,84.6
Messina,Estate,1991,41.81
Messina,Estate,1992,70.16
Messina,Estate,1993,19.51
Messina,Estate,1994,59.91
Messina,Estate,1995,133.12
Messina,Estate,1996,96.4
Messina,Estate,1997,67.62
Messina,Estate,1998,22.58
Messina,Estate,1999,58.69
Messina,Estate,2000,14.23
Messina,Estate,2001,68.69
Messina,Estate,2002,114.65
Messina,Estate,2003,66.45
Messina,Estate,2004,68.47
Messina,Estate,2005,74.16
Messina,Estate,2006,91.18
Messina,Estate,2007,46.74
Messina,Estate,2008,31.68
Messina,Estate,2009,55.31
Messina,Estate,2010,36.12
Messina,Estate,2011,18.53
Messina,Estate,2012,16.74
Messina,Estate,2013,77.82
Messina,Estate,2014,19.59
Messina,Estate,2015,104.37
Messina,Estate,2016,71.42
Messina,Estate,2017,17.78
Messina,Estate,2018,202.73
Messina,Estate,2019,65.0
Messina,Estate,2020,109.55
Messina,Estate,2021,61.59
Messina,Estate,2022,86.81
Messina,Estate,2023,109.2
Messina,Estate,2024,55.17
Messina,Autunno,1951,713.5
Messina,Autunno,1952,195.77
Messina,Autunno,1953,423.36
Messina,Autunno,1954,266.65
Messina,Autunno,1955,352.59
Messina,Autunno,1956,271.24
Messina,Autunno,1957,529.66
Messina,Autunno,1958,521.5
Messina,Autunno,1959,334.0
Messina,Autunno,1960,165.47
Messina,Autunno,1961,185.83
Messina,Autunno,1962,320.06
Messina,Autunno,1963,257.36
Messina,Autunno,1964,284.78
Messina,Autunno,1965,283.74
Messina,Autunno,1966,262.44
Messina,Autunno,1967,183.79
Messina,Autunno,1968,156.28
Messina,Autunno,1969,346.4
Messina,Autunno,1970,175.3
Messina,Autunno,1971,351.07
Messina,Autunno,1972,180.07
Messina,Autunno,1973,234.01
Messina,Autunno,1974,278.55
Messina,Autunno,1975,202.92
Messina,Autunno,1976,457.56
Messina,Autunno,1977,144.37
Messina,Autunno,1978,271.49
Messina,Autunno,1979,299.17
Messina,Autunno,1980,152.57
Messina,Autunno,1981,148.29
Messina,Autunno,1982,327.33
Messina,Autunno,1983,338.49
Messina,Autunno,1984,252.64
Messina,Autunno,1985,202.98
Messina,Autunno,1986,301.78
Messina,Autunno,1987,280.4
Messina,Autunno,1988,255.85
Messina,Autunno,1989,174.32
Messina,Autunno,1990,196.62
Messina,Autunno,1991,249.96
Messina,Autunno,1992,136.24
Messina,Autunno,1993,325.61
Messina,Autunno,1994,220.23
Messina,Autunno,1995,276.47
Messina,Autunno,1996,393.59
Messina,Autunno,1997,451.92
Messina,Autunno,1998,287.54
Messina,Autunno,1999,260.72
Messina,Autunno,2000,255.54
Messina,Autunno,2001,142.55
Messina,Autunno,2002,248.18
Messina,Autunno,2003,375.68
Messina,Autunno,2004,283.16
Messina,Autunno,2005,236.13
Messina,Autunno,2006,229.88
Messina,Autunno,2007,399.82
Messina,Autunno,2008,330.79
Messina,Autunno,2009,446.61
Messina,Autunno,2010,409.12
Messina,Autunno,2011,382.33
Messina,Autunno,2012,183.21
Messina,Autunno,2013,242.47
Messina,Autunno,2014,347.01
Messina,Autunno,2015,491.5
Messina,Autunno,2016,363.97
Messina,Autunno,2017,225.37
Messina,Autunno,2018,411.07
Messina,Autunno,2019,339.35
Messina,Autunno,2020,229.69
Messina,Autunno,2021,500.3
Messina,Autunno,2022,209.01
Messina,Autunno,2023,145.34
Messina,Autunno,2024,280.38
Catania,Inverno,1951,111.7
Catania,Inverno,1952,186.02
Catania,Inverno,1953,156.25
Catania,Inverno,1954,271.45
Catania,Inverno,1955,303.39
Catania,Inverno,1956,186.1
Catania,Inverno,1957,183.22
Catania,Inverno,1958,225.25
Catania,Inverno,1959,170.57
Catania,Inverno,1960,202.51
Catania,Inverno,1961,233.69
Catania,Inverno,1962,123.83
Catania,Inverno,1963,176.33
Catania,Inverno,1964,278.62
Catania,Inverno,1965,313.95
Catania,Inverno,1966,120.96
Catania,Inverno,1967,192.33
Catania,Inverno,1968,219.21
Catania,Inverno,1969,213.69
Catania,Inverno,1970,173.67
Catania,Inverno,1971,252.21
Catania,Inverno,1972,225.28
Catania,Inverno,1973,645.55
Catania,Inverno,1974,266.25
Catania,Inverno,1975,134.98
Catania,Inverno,1976,235.22
Catania,Inverno,1977,256.6
Catania,Inverno,1978,154.17
Catania,Inverno,1979,176.86
Catania,Inverno,1980,126.78
Catania,Inverno,1981,210.11
Catania,Inverno,1982,261.51
Catania,Inverno,1983,122.85
Catania,Inverno,1984,147.0
Catania,Inverno,1985,497.18
Catania,Inverno,1986,121.31
Catania,Inverno,1987,147.81
Catania,Inverno,1988,130.17
Catania,Inverno,1989,173.44
Catania,Inverno,1990,204.75
Catania,Inverno,1991,267.81
Catania,Inverno,1992,345.29
Catania,Inverno,1993,243.25
Catania,Inverno,1994,176.41
Catania,Inverno,1995,105.16
Catania,Inverno,1996,510.58
Catania,Inverno,1997,210.33
Catania,Inverno,1998,111.75
Catania,Inverno,1999,129.76
Catania,Inverno,2000,290.46
Catania,Inverno,2001,227.19
Catania,Inverno,2002,137.38
Catania,Inverno,2003,230.68
Catania,Inverno,2004,203.05
Catania,Inverno,2005,323.72
Catania,Inverno,2006,436.6
Catania,Inverno,2007,231.61
Catania,Inverno,2008,224.56
Catania,Inverno,2009,444.06
Catania,Inverno,2010,301.41
Catania,Inverno,2011,279.24
Catania,Inverno,2012,318.19
Catania,Inverno,2013,145.52
Catania,Inverno,2014,256.06
Catania,Inverno,2015,371.58
Catania,Inverno,2016,73.85
Catania,Inverno,2017,313.97
Catania,Inverno,2018,153.16
Catania,Inverno,2019,139.52
Catania,Inverno,2020,68.36
Catania,Inverno,2021,147.65
Catania,Inverno,2022,73.67
Catania,Inverno,2023,209.7
Catania,Inverno,2024,138.08
Catania,Inverno,2025,39.23
Catania,Primavera,1951,74.97
Catania,Primavera,1952,102.08
Catania,Primavera,1953,287.58
Catania,Primavera,1954,195.63
Catania,Primavera,1955,168.44
Catania,Primavera,1956,88.08
Catania,Primavera,1957,125.07
Catania,Primavera,1958,109.49
Catania,Primavera,1959,222.57
Catania,Primavera,1960,201.16
Catania,Primavera,1961,49.38
Catania,Primavera,1962,114.97
Catania,Primavera,1963,155.98
Catania,Primavera,1964,218.5
Catania,Primavera,1965,49.67
Catania,Primavera,1966,298.89
Catania,Primavera,1967,65.91
Catania,Primavera,1968,49.6
Catania,Primavera,1969,156.18
Catania,Primavera,1970,64.38
Catania,Primavera,1971,119.2
Catania,Primavera,1972,134.45
Catania,Primavera,1973,181.09
Catania,Primavera,1974,119.32
Catania,Primavera,1975,108.25
Catania,Primavera,1976,149.03
Catania,Primavera,1977,68.89
Catania,Primavera,1978,176.39
Catania,Primavera,1979,128.63
Catania,Primavera,1980,152.15
Catania,Primavera,1981,20.34
Catania,Primavera,1982,144.4
Catania,Primavera,1983,44.03
Catania,Primavera,1984,89.77
Catania,Primavera,1985,161.29
Catania,Primavera,1986,120.98
Catania,Primavera,1987,108.7
Catania,Primavera,1988,116.04
Catania,Primavera,1989,62.71
Catania,Primavera,1990,112.71
Catania,Primavera,1991,99.9
Catania,Primavera,1992,129.0
Catania,Primavera,1993,95.89
Catania,Primavera,1994,40.59
Catania,Primavera,1995,87.37
Catania,Primavera,1996,190.9
Catania,Primavera,1997,95.7
Catania,Primavera,1998,106.13
Catania,Primavera,1999,62.1
Catania,Primavera,2000,81.77
Catania,Primavera,2001,72.68
Catania,Primavera,2002,120.27
Catania,Primavera,2003,131.76
Catania,Primavera,2004,153.89
Catania,Primavera,2005,145.84
Catania,Primavera,2006,64.69
Catania,Primavera,2007,238.7
Catania,Primavera,2008,111.3
Catania,Primavera,2009,181.29
Catania,Primavera,2010,139.85
Catania,Primavera,2011,267.99
Catania,Primavera,2012,157.5
Catania,Primavera,2013,172.08
Catania,Primavera,2014,116.41
Catania,Primavera,2015,130.0
Catania,Primavera,2016,100.96
Catania,Primavera,2017,62.91
Catania,Primavera,2018,96.92
Catania,Primavera,2019,129.12
Catania,Primavera,2020,147.84
Catania,Primavera,2021,89.34
Catania,Primavera,2022,94.99
Catania,Primavera,2023,188.08
Catania,Primavera,2024,50.67
Catania,Estate,1951,19.95
Catania,Estate,1952,14.81
Catania,Estate,1953,92.05
Catania,Estate,1954,9.51
Catania,Estate,1955,43.34
Catania,Estate,1956,1.1
Catania,Estate,1957,21.23
Catania,Estate,1958,5.12
Catania,Estate,1959,59.47
Catania,Estate,1960,20.61
Catania,Estate,1961,39.14
Catania,Estate,1962,20.78
Catania,Estate,1963,120.57
Catania,Estate,1964,127.51
Catania,Estate,1965,36.01
Catania,Estate,1966,4.64
Catania,Estate,1967,34.17
Catania,Estate,1968,39.23
Catania,Estate,1969,29.96
Catania,Estate,1970,4.98
Catania,Estate,1971,13.67
Catania,Estate,1972,28.17
Catania,Estate,1973,52.56
Catania,Estate,1974,12.65
Catania,Estate,1975,87.41
Catania,Estate,1976,119.7
Catania,Estate,1977,6.66
Catania,Estate,1978,28.84
Catania,Estate,1979,17.61
Catania,Estate,1980,7.07
Catania,Estate,1981,15.81
Catania,Estate,1982,21.42
Catania,Estate,1983,32.42
Catania,Estate,1984,10.96
Catania,Estate,1985,3.75
Catania,Estate,1986,24.73
Catania,Estate,1987,18.3
Catania,Estate,1988,25.88
Catania,Estate,1989,48.03
Catania,Estate,1990,63.05
Catania,Estate,1991,24.2
Catania,Estate,1992,66.26
Catania,Estate,1993,3.26
Catania,Estate,1994,54.44
Catania,Estate,1995,73.61
Catania,Estate,1996,90.57
Catania,Estate,1997,82.6
Catania,Estate,1998,14.82
Catania,Estate,1999,31.94
Catania,Estate,2000,13.13
Catania,Estate,2001,35.73
Catania,Estate,2002,47.51
Catania,Estate,2003,45.63
Catania,Estate,2004,49.78
Catania,Estate,2005,64.28
Catania,Estate,2006,65.33
Catania,Estate,2007,40.48
Catania,Estate,2008,19.69
Catania,Estate,2009,38.34
Catania,Estate,2010,23.61
Catania,Estate,2011,11.96
Catania,Estate,2012,14.26
Catania,Estate,2013,59.97
Catania,Estate,2014,21.8
Catania,Estate,2015,102.95
Catania,Estate,2016,46.18
Catania,Estate,2017,9.47
Catania,Estate,2018,161.07
Catania,Estate,2019,48.58
Catania,Estate,2020,59.68
Catania,Estate,2021,19.71
Catania,Estate,2022,63.21
Catania,Estate,2023,49.54
Catania,Estate,2024,17.81
Catania,Autunno,1951,594.34
Catania,Autunno,1952,76.19
Catania,Autunno,1953,367.57
Catania,Autunno,1954,155.84
Catania,Autunno,1955,226.91
Catania,Autunno,1956,225.39
Catania,Autunno,1957,530.06
Catania,Autunno,1958,420.35
Catania,Autunno,1959,234.14
Catania,Autunno,1960,85.77
Catania,Autunno,1961,99.65
Catania,Autunno,1962,232.79
Catania,Autunno,1963,139.6
Catania,Autunno,1964,147.19
Catania,Autunno,1965,279.85
Catania,Autunno,1966,236.77
Catania,Autunno,1967,132.7
Catania,Autunno,1968,83.9
Catania,Autunno,1969,356.19
Catania,Autunno,1970,72.1
Catania,Autunno,1971,244.8
Catania,Autunno,1972,153.71
Catania,Autunno,1973,102.45
Catania,Autunno,1974,167.08
Catania,Autunno,1975,173.27
Catania,Autunno,1976,395.78
Catania,Autunno,1977,77.85
Catania,Autunno,1978,184.99
Catania,Autunno,1979,252.86
Catania,Autunno,1980,114.61
Catania,Autunno,1981,70.87
Catania,Autunno,1982,281.3
Catania,Autunno,1983,246.54
Catania,Autunno,1984,182.24
Catania,Autunno,1985,121.66
Catania,Autunno,1986,318.6
Catania,Autunno,1987,102.9
Catania,Autunno,1988,158.34
Catania,Autunno,1989,143.69
Catania,Autunno,1990,161.69
Catania,Autunno,1991,216.36
Catania,Autunno,1992,70.3
Catania,Autunno,1993,245.36
Catania,Autunno,1994,180.76
Catania,Autunno,1995,172.3
Catania,Autunno,1996,141.05
Catania,Autunno,1997,388.77
Catania,Autunno,1998,156.04
Catania,Autunno,1999,276.6
Catania,Autunno,2000,168.94
Catania,Autunno,2001,54.03
Catania,Autunno,2002,156.75
Catania,Autunno,2003,365.06
Catania,Autunno,2004,240.51
Catania,Autunno,2005,154.23
Catania,Autunno,2006,201.74
Catania,Autunno,2007,286.69
Catania,Autunno,2008,198.85
Catania,Autunno,2009,259.86
Catania,Autunno,2010,261.99
Catania,Autunno,2011,272.16
Catania,Autunno,2012,181.44
Catania,Autunno,2013,151.59
Catania,Autunno,2014,180.64
Catania,Autunno,2015,314.93
Catania,Autunno,2016,218.76
Catania,Autunno,2017,175.84
Catania,Autunno,2018,364.29
Catania,Autunno,2019,393.48
Catania,Autunno,2020,234.3
Catania,Autunno,2021,456.12
Catania,Autunno,2022,188.61
Catania,Autunno,2023,83.53
Catania,Autunno,2024,167.48
Enna,Inverno,1951,130.61
Enna,Inverno,1952,183.15
Enna,Inverno,1953,162.53
Enna,Inverno,1954,303.63
Enna,Inverno,1955,286.73
Enna,Inverno,1956,206.38
Enna,Inverno,1957,171.86
Enna,Inverno,1958,238.14
Enna,Inverno,1959,152.77
Enna,Inverno,1960,244.4
Enna,Inverno,1961,255.54
Enna,Inverno,1962,104.24
Enna,Inverno,1963,204.3
Enna,Inverno,1964,255.01
Enna,Inverno,1965,298.28
Enna,Inverno,1966,134.78
Enna,Inverno,1967,178.77
Enna,Inverno,1968,200.77
Enna,Inverno,1969,224.53
Enna,Inverno,1970,201.9
Enna,Inverno,1971,212.17
Enna,Inverno,1972,240.04
Enna,Inverno,1973,580.96
Enna,Inverno,1974,259.01
Enna,Inverno,1975,126.9
Enna,Inverno,1976,206.92
Enna,Inverno,1977,269.99
Enna,Inverno,1978,187.21
Enna,Inverno,1979,177.47
Enna,Inverno,1980,113.47
Enna,Inverno,1981,198.69
Enna,Inverno,1982,203.85
Enna,Inverno,1983,121.1
Enna,Inverno,1984,167.86
Enna,Inverno,1985,390.85
Enna,Inverno,1986,126.21
Enna,Inverno,1987,178.55
Enna,Inverno,1988,145.09
Enna,Inverno,1989,175.18
Enna,Inverno,1990,104.34
Enna,Inverno,1991,258.32
Enna,Inverno,1992,260.42
Enna,Inverno,1993,185.74
Enna,Inverno,1994,211.64
Enna,Inverno,1995,94.54
Enna,Inverno,1996,397.31
Enna,Inverno,1997,242.13
Enna,Inverno,1998,111.29
Enna,Inverno,1999,140.86
Enna,Inverno,2000,201.9
Enna,Inverno,2001,228.07
Enna,Inverno,2002,103.91
Enna,Inverno,2003,217.82
Enna,Inverno,2004,180.51
Enna,Inverno,2005,292.58
Enna,Inverno,2006,412.67
Enna,Inverno,2007,193.96
Enna,Inverno,2008,179.97
Enna,Inverno,2009,449.05
Enna,Inverno,2010,303.15
Enna,Inverno,2011,197.44
Enna,Inverno,2012,284.35
Enna,Inverno,2013,184.95
Enna,Inverno,2014,249.22
Enna,Inverno,2015,383.76
Enna,Inverno,2016,75.01
Enna,Inverno,2017,215.18
Enna,Inverno,2018,169.35
Enna,Inverno,2019,130.2
Enna,Inverno,2020,59.19
Enna,Inverno,2021,166.56
Enna,Inverno,2022,104.74
Enna,Inverno,2023,146.22
Enna,Inverno,2024,120.19
Enna,Inverno,2025,56.15
Enna,Primavera,1951,97.31
Enna,Primavera,1952,106.25
Enna,Primavera,1953,271.47
Enna,Primavera,1954,200.01
Enna,Primavera,1955,158.63
Enna,Primavera,1956,95.44
Enna,Primavera,1957,128.31
Enna,Primavera,1958,131.56
Enna,Primavera,1959,249.32
Enna,Primavera,1960,188.5
Enna,Primavera,1961,54.28
Enna,Primavera,1962,105.75
Enna,Primavera,1963,175.32
Enna,Primavera,1964,162.72
Enna,Primavera,1965,38.62
Enna,Primavera,1966,264.41
Enna,Primavera,1967,78.56
Enna,Primavera,1968,61.29
Enna,Primavera,1969,182.37
Enna,Primavera,1970,71.41
Enna,Primavera,1971,106.04
Enna,Primavera,1972,111.4
Enna,Primavera,1973,173.47
Enna,Primavera,1974,138.14
Enna,Primavera,1975,103.76
Enna,Primavera,1976,129.05
Enna,Primavera,1977,74.76
Enna,Primavera,1978,173.77
Enna,Primavera,1979,135.57
Enna,Primavera,1980,181.2
Enna,Primavera,1981,26.52
Enna,Primavera,1982,170.61
Enna,Primavera,1983,64.16
Enna,Primavera,1984,99.58
Enna,Primavera,1985,164.68
Enna,Primavera,1986,110.14
Enna,Primavera,1987,116.98
Enna,Primavera,1988,136.92
Enna,Primavera,1989,70.03
Enna,Primavera,1990,139.53
Enna,Primavera,1991,94.22
Enna,Primavera,1992,142.04
Enna,Primavera,1993,99.82
Enna,Primavera,1994,48.52
Enna,Primavera,1995,81.09
Enna,Primavera,1996,182.16
Enna,Primavera,1997,93.97
Enna,Primavera,1998,92.16
Enna,Primavera,1999,63.95
Enna,Primavera,2000,98.06
Enna,Primavera,2001,65.34
Enna,Primavera,2002,132.03
Enna,Primavera,2003,134.33
Enna,Primavera,2004,159.25
Enna,Primavera,2005,171.33
Enna,Primavera,2006,68.35
Enna,Primavera,2007,221.06
Enna,Primavera,2008,111.16
Enna,Primavera,2009,174.27
Enna,Primavera,2010,158.04
Enna,Primavera,2011,212.24
Enna,Primavera,2012,113.34
Enna,Primavera,2013,183.89
Enna,Primavera,2014,128.51
Enna,Primavera,2015,128.31
Enna,Primavera,2016,110.45
Enna,Primavera,2017,69.35
Enna,Primavera,2018,132.03
Enna,Primavera,2019,114.57
Enna,Primavera,2020,116.63
Enna,Primavera,2021,94.24
Enna,Primavera,2022,83.55
Enna,Primavera,2023,211.79
Enna,Primavera,2024,53.19
Enna,Estate,1951,11.69
Enna,Estate,1952,22.29
Enna,Estate,1953,79.0
Enna,Estate,1954,11.31
Enna,Estate,1955,32.27
Enna,Estate,1956,2.14
Enna,Estate,1957,19.05
Enna,Estate,1958,7.18
Enna,Estate,1959,64.18
Enna,Estate,1960,31.39
Enna,Estate,1961,52.42
Enna,Estate,1962,25.5
Enna,Estate,1963,94.27
Enna,Estate,1964,165.83
Enna,Estate,1965,24.08
Enna,Estate,1966,4.95
Enna,Estate,1967,24.57
Enna,Estate,1968,41.69
Enna,Estate,1969,39.93
Enna,Estate,1970,5.33
Enna,Estate,1971,7.51
Enna,Estate,1972,39.71
Enna,Estate,1973,40.01
Enna,Estate,1974,10.09
Enna,Estate,1975,64.5
Enna,Estate,1976,152.52
Enna,Estate,1977,9.98
Enna,Estate,1978,36.1
Enna,Estate,1979,28.52
Enna,Estate,1980,5.13
Enna,Estate,1981,15.01
Enna,Estate,1982,20.62
Enna,Estate,1983,32.17
Enna,Estate,1984,5.34
Enna,Estate,1985,3.19
Enna,Estate,1986,33.47
Enna,Estate,1987,52.22
Enna,Estate,1988,28.22
Enna,Estate,1989,47.35
Enna,Estate,1990,89.44
Enna,Estate,1991,29.85
Enna,Estate,1992,71.16
Enna,Estate,1993,1.88
Enna,Estate,1994,68.5
Enna,Estate,1995,76.81
Enna,Estate,1996,96.95
Enna,Estate,1997,89.58
Enna,Estate,1998,37.96
Enna,Estate,1999,32.8
Enna,Estate,2000,3.43
Enna,Estate,2001,21.72
Enna,Estate,2002,48.35
Enna,Estate,2003,58.19
Enna,Estate,2004,72.56
Enna,Estate,2005,92.83
Enna,Estate,2006,70.99
Enna,Estate,2007,32.53
Enna,Estate,2008,40.41
Enna,Estate,2009,29.46
Enna,Estate,2010,8.12
Enna,Estate,2011,18.47
Enna,Estate,2012,14.28
Enna,Estate,2013,80.71
Enna,Estate,2014,47.07
Enna,Estate,2015,100.75
Enna,Estate,2016,54.53
Enna,Estate,2017,7.49
Enna,Estate,2018,203.04
Enna,Estate,2019,52.98
Enna,Estate,2020,55.44
Enna,Estate,2021,14.41
Enna,Estate,2022,74.5
Enna,Estate,2023,60.39
Enna,Estate,2024,26.11
Enna,Autunno,1951,568.77
Enna,Autunno,1952,63.28
Enna,Autunno,1953,266.22
Enna,Autunno,1954,142.07
Enna,Autunno,1955,242.12
Enna,Autunno,1956,222.46
Enna,Autunno,1957,360.18
Enna,Autunno,1958,415.22
Enna,Autunno,1959,246.21
Enna,Autunno,1960,88.62
Enna,Autunno,1961,104.48
Enna,Autunno,1962,205.55
Enna,Autunno,1963,139.12
Enna,Autunno,1964,146.01
Enna,Autunno,1965,191.02
Enna,Autunno,1966,259.16
Enna,Autunno,1967,111.57
Enna,Autunno,1968,92.65
Enna,Autunno,1969,196.4
Enna,Autunno,1970,84.77
Enna,Autunno,1971,281.92
Enna,Autunno,1972,148.76
Enna,Autunno,1973,113.83
Enna,Autunno,1974,204.35
Enna,Autunno,1975,122.99
Enna,Autunno,1976,414.81
Enna,Autunno,1977,92.57
Enna,Autunno,1978,198.54
Enna,Autunno,1979,220.86
Enna,Autunno,1980,151.79
Enna,Autunno,1981,61.66
Enna,Autunno,1982,247.48
Enna,Autunno,1983,215.82
Enna,Autunno,1984,210.37
Enna,Autunno,1985,126.56
Enna,Autunno,1986,237.35
Enna,Autunno,1987,117.09
Enna,Autunno,1988,155.03
Enna,Autunno,1989,145.03
Enna,Autunno,1990,142.56
Enna,Autunno,1991,278.27
Enna,Autunno,1992,85.87
Enna,Autunno,1993,223.76
Enna,Autunno,1994,138.89
Enna,Autunno,1995,176.16
Enna,Autunno,1996,147.27
Enna,Autunno,1997,357.88
Enna,Autunno,1998,169.36
Enna,Autunno,1999,233.39
Enna,Autunno,2000,178.84
Enna,Autunno,2001,59.01
Enna,Autunno,2002,145.02
Enna,Autunno,2003,343.37
Enna,Autunno,2004,201.45
Enna,Autunno,2005,148.56
Enna,Autunno,2006,139.12
Enna,Autunno,2007,223.67
Enna,Autunno,2008,163.89
Enna,Autunno,2009,255.03
Enna,Autunno,2010,200.92
Enna,Autunno,2011,197.3
Enna,Autunno,2012,178.49
Enna,Autunno,2013,164.16
Enna,Autunno,2014,126.01
Enna,Autunno,2015,305.51
Enna,Autunno,2016,176.67
Enna,Autunno,2017,148.87
Enna,Autunno,2018,329.03
Enna,Autunno,2019,367.07
Enna,Autunno,2020,162.04
Enna,Autunno,2021,400.94
Enna,Autunno,2022,162.66
Enna,Autunno,2023,87.48
Enna,Autunno,2024,126.63
Trapani,Inverno,1951,147.02
Trapani,Inverno,1952,218.4
Trapani,Inverno,1953,296.38
Trapani,Inverno,1954,411.25
Trapani,Inverno,1955,250.02
Trapani,Inverno,1956,280.86
Trapani,Inverno,1957,147.94
Trapani,Inverno,1958,270.99
Trapani,Inverno,1959,216.93
Trapani,Inverno,1960,208.0
Trapani,Inverno,1961,258.38
Trapani,Inverno,1962,164.14
Trapani,Inverno,1963,226.12
Trapani,Inverno,1964,255.86
Trapani,Inverno,1965,331.74
Trapani,Inverno,1966,190.45
Trapani,Inverno,1967,228.8
Trapani,Inverno,1968,247.85
Trapani,Inverno,1969,317.61
Trapani,Inverno,1970,369.07
Trapani,Inverno,1971,228.39
Trapani,Inverno,1972,271.17
Trapani,Inverno,1973,271.56
Trapani,Inverno,1974,219.68
Trapani,Inverno,1975,127.31
Trapani,Inverno,1976,295.54
Trapani,Inverno,1977,157.31
Trapani,Inverno,1978,226.85
Trapani,Inverno,1979,281.92
Trapani,Inverno,1980,107.21
Trapani,Inverno,1981,248.57
Trapani,Inverno,1982,174.58
Trapani,Inverno,1983,172.93
Trapani,Inverno,1984,234.73
Trapani,Inverno,1985,233.77
Trapani,Inverno,1986,176.05
Trapani,Inverno,1987,205.2
Trapani,Inverno,1988,144.45
Trapani,Inverno,1989,110.91
Trapani,Inverno,1990,137.75
Trapani,Inverno,1991,254.91
Trapani,Inverno,1992,159.58
Trapani,Inverno,1993,161.89
Trapani,Inverno,1994,221.67
Trapani,Inverno,1995,182.25
Trapani,Inverno,1996,220.73
Trapani,Inverno,1997,207.67
Trapani,Inverno,1998,269.09
Trapani,Inverno,1999,196.6
Trapani,Inverno,2000,151.13
Trapani,Inverno,2001,324.83
Trapani,Inverno,2002,118.39
Trapani,Inverno,2003,300.35
Trapani,Inverno,2004,191.0
Trapani,Inverno,2005,409.47
Trapani,Inverno,2006,251.69
Trapani,Inverno,2007,203.46
Trapani,Inverno,2008,138.5
Trapani,Inverno,2009,375.06
Trapani,Inverno,2010,341.79
Trapani,Inverno,2011,232.49
Trapani,Inverno,2012,225.76
Trapani,Inverno,2013,285.09
Trapani,Inverno,2014,255.47
Trapani,Inverno,2015,450.5
Trapani,Inverno,2016,104.15
Trapani,Inverno,2017,301.59
Trapani,Inverno,2018,325.3
Trapani,Inverno,2019,158.68
Trapani,Inverno,2020,64.64
Trapani,Inverno,2021,278.13
Trapani,Inverno,2022,160.4
Trapani,Inverno,2023,154.44
Trapani,Inverno,2024,170.94
Trapani,Inverno,2025,99.64
Trapani,Primavera,1951,126.04
Trapani,Primavera,1952,105.66
Trapani,Primavera,1953,128.83
Trapani,Primavera,1954,171.73
Trapani,Primavera,1955,116.49
Trapani,Primavera,1956,45.35
Trapani,Primavera,1957,139.62
Trapani,Primavera,1958,134.66
Trapani,Primavera,1959,200.74
Trapani,Primavera,1960,167.75
Trapani,Primavera,1961,30.93
Trapani,Primavera,1962,112.77
Trapani,Primavera,1963,157.65
Trapani,Primavera,1964,102.28
Trapani,Primavera,1965,87.31
Trapani,Primavera,1966,243.43
Trapani,Primavera,1967,81.29
Trapani,Primavera,1968,86.21
Trapani,Primavera,1969,154.73
Trapani,Primavera,1970,86.82
Trapani,Primavera,1971,119.54
Trapani,Primavera,1972,118.5
Trapani,Primavera,1973,107.75
Trapani,Primavera,1974,133.61
Trapani,Primavera,1975,135.51
Trapani,Primavera,1976,157.17
Trapani,Primavera,1977,77.85
Trapani,Primavera,1978,176.04
Trapani,Primavera,1979,112.44
Trapani,Primavera,1980,170.38
Trapani,Primavera,1981,55.45
Trapani,Primavera,1982,174.96
Trapani,Primavera,1983,93.79
Trapani,Primavera,1984,98.28
Trapani,Primavera,1985,196.69
Trapani,Primavera,1986,115.6
Trapani,Primavera,1987,99.26
Trapani,Primavera,1988,97.41
Trapani,Primavera,1989,123.42
Trapani,Primavera,1990,132.79
Trapani,Primavera,1991,94.19
Trapani,Primavera,1992,143.46
Trapani,Primavera,1993,109.83
Trapani,Primavera,1994,31.55
Trapani,Primavera,1995,123.95
Trapani,Primavera,1996,260.66
Trapani,Primavera,1997,59.12
Trapani,Primavera,1998,89.59
Trapani,Primavera,1999,53.42
Trapani,Primavera,2000,65.39
Trapani,Primavera,2001,113.17
Trapani,Primavera,2002,82.76
Trapani,Primavera,2003,92.86
Trapani,Primavera,2004,199.75
Trapani,Primavera,2005,173.87
Trapani,Primavera,2006,74.51
Trapani,Primavera,2007,214.63
Trapani,Primavera,2008,129.31
Trapani,Primavera,2009,183.32
Trapani,Primavera,2010,123.1
Trapani,Primavera,2011,133.61
Trapani,Primavera,2012,96.15
Trapani,Primavera,2013,175.44
Trapani,Primavera,2014,234.99
Trapani,Primavera,2015,102.66
Trapani,Primavera,2016,170.77
Trapani,Primavera,2017,46.03
Trapani,Primavera,2018,153.7
Trapani,Primavera,2019,134.35
Trapani,Primavera,2020,145.1
Trapani,Primavera,2021,126.27
Trapani,Primavera,2022,107.41
Trapani,Primavera,2023,171.67
Trapani,Primavera,2024,67.36
Trapani,Estate,1951,15.69
Trapani,Estate,1952,8.62
Trapani,Estate,1953,84.28
Trapani,Estate,1954,3.82
Trapani,Estate,1955,21.14
Trapani,Estate,1956,4.97
Trapani,Estate,1957,29.81
Trapani,Estate,1958,8.45
Trapani,Estate,1959,14.19
Trapani,Estate,1960,6.26
Trapani,Estate,1961,21.1
Trapani,Estate,1962,20.07
Trapani,Estate,1963,96.71
Trapani,Estate,1964,53.97
Trapani,Estate,1965,29.98
Trapani,Estate,1966,5.49
Trapani,Estate,1967,6.38
Trapani,Estate,1968,68.17
Trapani,Estate,1969,17.43
Trapani,Estate,1970,7.06
Trapani,Estate,1971,4.72
Trapani,Estate,1972,13.92
Trapani,Estate,1973,34.42
Trapani,Estate,1974,5.26
Trapani,Estate,1975,59.06
Trapani,Estate,1976,54.18
Trapani,Estate,1977,17.57
Trapani,Estate,1978,4.42
Trapani,Estate,1979,16.66
Trapani,Estate,1980,8.54
Trapani,Estate,1981,6.76
Trapani,Estate,1982,2.97
Trapani,Estate,1983,28.25
Trapani,Estate,1984,14.07
Trapani,Estate,1985,0.11
Trapani,Estate,1986,15.19
Trapani,Estate,1987,6.69
Trapani,Estate,1988,10.85
Trapani,Estate,1989,3.9
Trapani,Estate,1990,17.86
Trapani,Estate,1991,6.63
Trapani,Estate,1992,30.89
Trapani,Estate,1993,2.22
Trapani,Estate,1994,13.59
Trapani,Estate,1995,33.08
Trapani,Estate,1996,32.8
Trapani,Estate,1997,47.19
Trapani,Estate,1998,17.33
Trapani,Estate,1999,23.67
Trapani,Estate,2000,5.94
Trapani,Estate,2001,1.25
Trapani,Estate,2002,39.7
Trapani,Estate,2003,25.23
Trapani,Estate,2004,61.02
Trapani,Estate,2005,60.0
Trapani,Estate,2006,27.16
Trapani,Estate,2007,20.07
Trapani,Estate,2008,2.21
Trapani,Estate,2009,10.46
Trapani,Estate,2010,5.56
Trapani,Estate,2011,3.27
Trapani,Estate,2012,14.93
Trapani,Estate,2013,21.86
Trapani,Estate,2014,4.25
Trapani,Estate,2015,33.72
Trapani,Estate,2016,29.41
Trapani,Estate,2017,2.62
Trapani,Estate,2018,78.81
Trapani,Estate,2019,13.94
Trapani,Estate,2020,22.31
Trapani,Estate,2021,18.15
Trapani,Estate,2022,25.36
Trapani,Estate,2023,37.87
Trapani,Estate,2024,12.05
Trapani,Autunno,1951,353.34
Trapani,Autunno,1952,126.96
Trapani,Autunno,1953,257.67
Trapani,Autunno,1954,250.64
Trapani,Autunno,1955,336.27
Trapani,Autunno,1956,367.06
Trapani,Autunno,1957,286.04
Trapani,Autunno,1958,388.97
Trapani,Autunno,1959,227.19
Trapani,Autunno,1960,113.34
Trapani,Autunno,1961,200.39
Trapani,Autunno,1962,206.17
Trapani,Autunno,1963,207.76
Trapani,Autunno,1964,151.2
Trapani,Autunno,1965,246.47
Trapani,Autunno,1966,264.09
Trapani,Autunno,1967,119.15
Trapani,Autunno,1968,134.54
Trapani,Autunno,1969,213.68
Trapani,Autunno,1970,80.75
Trapani,Autunno,1971,182.57
Trapani,Autunno,1972,158.21
Trapani,Autunno,1973,168.28
Trapani,Autunno,1974,207.1
Trapani,Autunno,1975,154.75
Trapani,Autunno,1976,483.5
Trapani,Autunno,1977,94.63
Trapani,Autunno,1978,262.17
Trapani,Autunno,1979,249.6
Trapani,Autunno,1980,116.67
Trapani,Autunno,1981,58.32
Trapani,Autunno,1982,249.51
Trapani,Autunno,1983,226.3
Trapani,Autunno,1984,155.02
Trapani,Autunno,1985,148.83
Trapani,Autunno,1986,157.06
Trapani,Autunno,1987,138.77
Trapani,Autunno,1988,189.04
Trapani,Autunno,1989,176.94
Trapani,Autunno,1990,170.78
Trapani,Autunno,1991,228.73
Trapani,Autunno,1992,156.26
Trapani,Autunno,1993,303.39
Trapani,Autunno,1994,128.78
Trapani,Autunno,1995,192.2
Trapani,Autunno,1996,193.76
Trapani,Autunno,1997,335.19
Trapani,Autunno,1998,238.97
Trapani,Autunno,1999,175.86
Trapani,Autunno,2000,194.39
Trapani,Autunno,2001,107.97
Trapani,Autunno,2002,208.55
Trapani,Autunno,2003,308.64
Trapani,Autunno,2004,274.42
Trapani,Autunno,2005,190.26
Trapani,Autunno,2006,181.83
Trapani,Autunno,2007,277.91
Trapani,Autunno,2008,169.51
Trapani,Autunno,2009,338.2
Trapani,Autunno,2010,264.46
Trapani,Autunno,2011,158.74
Trapani,Autunno,2012,262.23
Trapani,Autunno,2013,255.17
Trapani,Autunno,2014,96.3
Trapani,Autunno,2015,319.7
Trapani,Autunno,2016,164.82
Trapani,Autunno,2017,177.68
Trapani,Autunno,2018,360.72
Trapani,Autunno,2019,275.15
Trapani,Autunno,2020,130.07
Trapani,Autunno,2021,459.1
Trapani,Autunno,2022,308.57
Trapani,Autunno,2023,89.38
Trapani,Autunno,2024,149.65
Caltanissetta,Inverno,1951,138.92
Caltanissetta,Inverno,1952,200.28
Caltanissetta,Inverno,1953,184.78
Caltanissetta,Inverno,1954,323.19
Caltanissetta,Inverno,1955,273.98
Caltanissetta,Inverno,1956,232.93
Caltanissetta,Inverno,1957,178.98
Caltanissetta,Inverno,1958,226.11
Caltanissetta,Inverno,1959,222.12
Caltanissetta,Inverno,1960,289.61
Caltanissetta,Inverno,1961,299.64
Caltanissetta,Inverno,1962,104.08
Caltanissetta,Inverno,1963,240.83
Caltanissetta,Inverno,1964,204.96
Caltanissetta,Inverno,1965,333.42
Caltanissetta,Inverno,1966,167.39
Caltanissetta,Inverno,1967,183.05
Caltanissetta,Inverno,1968,198.78
Caltanissetta,Inverno,1969,253.85
Caltanissetta,Inverno,1970,250.97
Caltanissetta,Inverno,1971,213.97
Caltanissetta,Inverno,1972,285.22
Caltanissetta,Inverno,1973,428.77
Caltanissetta,Inverno,1974,221.35
Caltanissetta,Inverno,1975,100.15
Caltanissetta,Inverno,1976,209.03
Caltanissetta,Inverno,1977,266.55
Caltanissetta,Inverno,1978,209.61
Caltanissetta,Inverno,1979,167.1
Caltanissetta,Inverno,1980,100.59
Caltanissetta,Inverno,1981,194.11
Caltanissetta,Inverno,1982,176.22
Caltanissetta,Inverno,1983,144.09
Caltanissetta,Inverno,1984,151.01
Caltanissetta,Inverno,1985,354.89
Caltanissetta,Inverno,1986,156.98
Caltanissetta,Inverno,1987,142.88
Caltanissetta,Inverno,1988,132.09
Caltanissetta,Inverno,1989,172.69
Caltanissetta,Inverno,1990,117.57
Caltanissetta,Inverno,1991,271.17
Caltanissetta,Inverno,1992,200.03
Caltanissetta,Inverno,1993,154.89
Caltanissetta,Inverno,1994,186.95
Caltanissetta,Inverno,1995,102.27
Caltanissetta,Inverno,1996,322.66
Caltanissetta,Inverno,1997,263.27
Caltanissetta,Inverno,1998,131.66
Caltanissetta,Inverno,1999,153.09
Caltanissetta,Inverno,2000,156.7
Caltanissetta,Inverno,2001,271.52
Caltanissetta,Inverno,2002,99.44
Caltanissetta,Inverno,2003,219.56
Caltanissetta,Inverno,2004,159.69
Caltanissetta,Inverno,2005,326.29
Caltanissetta,Inverno,2006,335.18
Caltanissetta,Inverno,2007,147.75
Caltanissetta,Inverno,2008,171.58
Caltanissetta,Inverno,2009,466.43
Caltanissetta,Inverno,2010,304.53
Caltanissetta,Inverno,2011,195.78
Caltanissetta,Inverno,2012,253.25
Caltanissetta,Inverno,2013,232.97
Caltanissetta,Inverno,2014,250.54
Caltanissetta,Inverno,2015,415.82
Caltanissetta,Inverno,2016,80.46
Caltanissetta,Inverno,2017,269.62
Caltanissetta,Inverno,2018,193.02
Caltanissetta,Inverno,2019,126.65
Caltanissetta,Inverno,2020,79.3
Caltanissetta,Inverno,2021,200.5
Caltanissetta,Inverno,2022,106.91
Caltanissetta,Inverno,2023,133.85
Caltanissetta,Inverno,2024,145.31
Caltanissetta,Inverno,2025,60.03
Caltanissetta,Primavera,1951,81.93
Caltanissetta,Primavera,1952,92.24
Caltanissetta,Primavera,1953,169.69
Caltanissetta,Primavera,1954,158.57
Caltanissetta,Primavera,1955,144.19
Caltanissetta,Primavera,1956,54.75
Caltanissetta,Primavera,1957,160.9
Caltanissetta,Primavera,1958,134.42
Caltanissetta,Primavera,1959,270.66
Caltanissetta,Primavera,1960,176.57
Caltanissetta,Primavera,1961,56.02
Caltanissetta,Primavera,1962,86.09
Caltanissetta,Primavera,1963,159.99
Caltanissetta,Primavera,1964,108.09
Caltanissetta,Primavera,1965,62.0
Caltanissetta,Primavera,1966,232.87
Caltanissetta,Primavera,1967,73.28
Caltanissetta,Primavera,1968,67.06
Caltanissetta,Primavera,1969,153.37
Caltanissetta,Primavera,1970,74.92
Caltanissetta,Primavera,1971,118.54
Caltanissetta,Primavera,1972,89.99
Caltanissetta,Primavera,1973,150.9
Caltanissetta,Primavera,1974,129.1
Caltanissetta,Primavera,1975,102.51
Caltanissetta,Primavera,1976,125.78
Caltanissetta,Primavera,1977,71.96
Caltanissetta,Primavera,1978,151.63
Caltanissetta,Primavera,1979,120.48
Caltanissetta,Primavera,1980,151.03
Caltanissetta,Primavera,1981,30.78
Caltanissetta,Primavera,1982,172.23
Caltanissetta,Primavera,1983,72.29
Caltanissetta,Primavera,1984,81.31
Caltanissetta,Primavera,1985,165.43
Caltanissetta,Primavera,1986,112.89
Caltanissetta,Primavera,1987,113.58
Caltanissetta,Primavera,1988,110.23
Caltanissetta,Primavera,1989,81.24
Caltanissetta,Primavera,1990,144.73
Caltanissetta,Primavera,1991,93.27
Caltanissetta,Primavera,1992,138.09
Caltanissetta,Primavera,1993,86.79
Caltanissetta,Primavera,1994,60.38
Caltanissetta,Primavera,1995,67.1
Caltanissetta,Primavera,1996,176.62
Caltanissetta,Primavera,1997,95.17
Caltanissetta,Primavera,1998,95.79
Caltanissetta,Primavera,1999,60.42
Caltanissetta,Primavera,2000,73.29
Caltanissetta,Primavera,2001,81.17
Caltanissetta,Primavera,2002,89.86
Caltanissetta,Primavera,2003,107.41
Caltanissetta,Primavera,2004,145.88
Caltanissetta,Primavera,2005,136.93
Caltanissetta,Primavera,2006,52.88
Caltanissetta,Primavera,2007,171.86
Caltanissetta,Primavera,2008,108.85
Caltanissetta,Primavera,2009,147.59
Caltanissetta,Primavera,2010,149.72
Caltanissetta,Primavera,2011,178.36
Caltanissetta,Primavera,2012,103.82
Caltanissetta,Primavera,2013,188.58
Caltanissetta,Primavera,2014,153.32
Caltanissetta,Primavera,2015,108.5
Caltanissetta,Primavera,2016,119.62
Caltanissetta,Primavera,2017,53.98
Caltanissetta,Primavera,2018,99.23
Caltanissetta,Primavera,2019,121.43
Caltanissetta,Primavera,2020,136.99
Caltanissetta,Primavera,2021,82.03
Caltanissetta,Primavera,2022,95.14
Caltanissetta,Primavera,2023,164.51
Caltanissetta,Primavera,2024,65.05
Caltanissetta,Estate,1951,14.85
Caltanissetta,Estate,1952,5.25
Caltanissetta,Estate,1953,71.78
Caltanissetta,Estate,1954,3.44
Caltanissetta,Estate,1955,14.52
Caltanissetta,Estate,1956,0.58
Caltanissetta,Estate,1957,14.85
Caltanissetta,Estate,1958,3.53
Caltanissetta,Estate,1959,47.82
Caltanissetta,Estate,1960,8.47
Caltanissetta,Estate,1961,29.54
Caltanissetta,Estate,1962,15.95
Caltanissetta,Estate,1963,83.21
Caltanissetta,Estate,1964,138.31
Caltanissetta,Estate,1965,20.17
Caltanissetta,Estate,1966,4.56
Caltanissetta,Estate,1967,21.46
Caltanissetta,Estate,1968,32.45
Caltanissetta,Estate,1969,19.69
Caltanissetta,Estate,1970,3.51
Caltanissetta,Estate,1971,3.25
Caltanissetta,Estate,1972,8.77
Caltanissetta,Estate,1973,19.26
Caltanissetta,Estate,1974,10.32
Caltanissetta,Estate,1975,76.01
Caltanissetta,Estate,1976,75.36
Caltanissetta,Estate,1977,7.07
Caltanissetta,Estate,1978,10.2
Caltanissetta,Estate,1979,20.97
Caltanissetta,Estate,1980,2.41
Caltanissetta,Estate,1981,11.83
Caltanissetta,Estate,1982,7.67
Caltanissetta,Estate,1983,10.03
Caltanissetta,Estate,1984,6.68
Caltanissetta,Estate,1985,0.53
Caltanissetta,Estate,1986,22.37
Caltanissetta,Estate,1987,19.63
Caltanissetta,Estate,1988,9.88
Caltanissetta,Estate,1989,19.73
Caltanissetta,Estate,1990,31.2
Caltanissetta,Estate,1991,14.16
Caltanissetta,Estate,1992,40.07
Caltanissetta,Estate,1993,1.87
Caltanissetta,Estate,1994,50.27
Caltanissetta,Estate,1995,63.34
Caltanissetta,Estate,1996,74.18
Caltanissetta,Estate,1997,44.98
Caltanissetta,Estate,1998,15.9
Caltanissetta,Estate,1999,15.97
Caltanissetta,Estate,2000,3.19
Caltanissetta,Estate,2001,7.75
Caltanissetta,Estate,2002,9.02
Caltanissetta,Estate,2003,30.4
Caltanissetta,Estate,2004,10.12
Caltanissetta,Estate,2005,56.7
Caltanissetta,Estate,2006,46.3
Caltanissetta,Estate,2007,35.07
Caltanissetta,Estate,2008,18.77
Caltanissetta,Estate,2009,15.62
Caltanissetta,Estate,2010,5.52
Caltanissetta,Estate,2011,13.7
Caltanissetta,Estate,2012,3.8
Caltanissetta,Estate,2013,39.64
Caltanissetta,Estate,2014,21.6
Caltanissetta,Estate,2015,58.06
Caltanissetta,Estate,2016,60.82
Caltanissetta,Estate,2017,10.47
Caltanissetta,Estate,2018,128.59
Caltanissetta,Estate,2019,11.94
Caltanissetta,Estate,2020,17.73
Caltanissetta,Estate,2021,10.5
Caltanissetta,Estate,2022,43.69
Caltanissetta,Estate,2023,42.49
Caltanissetta,Estate,2024,21.2
Caltanissetta,Autunno,1951,378.02
Caltanissetta,Autunno,1952,71.58
Caltanissetta,Autunno,1953,197.82
Caltanissetta,Autunno,1954,147.71
Caltanissetta,Autunno,1955,206.09
Caltanissetta,Autunno,1956,287.4
Caltanissetta,Autunno,1957,303.4
Caltanissetta,Autunno,1958,426.29
Caltanissetta,Autunno,1959,257.48
Caltanissetta,Autunno,1960,95.28
Caltanissetta,Autunno,1961,110.25
Caltanissetta,Autunno,1962,206.59
Caltanissetta,Autunno,1963,127.15
Caltanissetta,Autunno,1964,83.46
Caltanissetta,Autunno,1965,171.77
Caltanissetta,Autunno,1966,264.65
Caltanissetta,Autunno,1967,115.71
Caltanissetta,Autunno,1968,95.38
Caltanissetta,Autunno,1969,204.06
Caltanissetta,Autunno,1970,111.92
Caltanissetta,Autunno,1971,255.43
Caltanissetta,Autunno,1972,196.06
Caltanissetta,Autunno,1973,94.92
Caltanissetta,Autunno,1974,209.33
Caltanissetta,Autunno,1975,112.33
Caltanissetta,Autunno,1976,417.37
Caltanissetta,Autunno,1977,92.0
Caltanissetta,Autunno,1978,197.74
Caltanissetta,Autunno,1979,205.46
Caltanissetta,Autunno,1980,123.64
Caltanissetta,Autunno,1981,53.71
Caltanissetta,Autunno,1982,256.28
Caltanissetta,Autunno,1983,198.03
Caltanissetta,Autunno,1984,202.35
Caltanissetta,Autunno,1985,175.61
Caltanissetta,Autunno,1986,191.45
Caltanissetta,Autunno,1987,124.63
Caltanissetta,Autunno,1988,147.8
Caltanissetta,Autunno,1989,190.23
Caltanissetta,Autunno,1990,170.83
Caltanissetta,Autunno,1991,235.11
Caltanissetta,Autunno,1992,85.63
Caltanissetta,Autunno,1993,235.74
Caltanissetta,Autunno,1994,124.04
Caltanissetta,Autunno,1995,162.88
Caltanissetta,Autunno,1996,130.84
Caltanissetta,Autunno,1997,341.98
Caltanissetta,Autunno,1998,185.33
Caltanissetta,Autunno,1999,189.32
Caltanissetta,Autunno,2000,179.59
Caltanissetta,Autunno,2001,69.16
Caltanissetta,Autunno,2002,144.81
Caltanissetta,Autunno,2003,296.4
Caltanissetta,Autunno,2004,230.74
Caltanissetta,Autunno,2005,130.85
Caltanissetta,Autunno,2006,171.62
Caltanissetta,Autunno,2007,172.71
Caltanissetta,Autunno,2008,121.08
Caltanissetta,Autunno,2009,251.3
Caltanissetta,Autunno,2010,243.63
Caltanissetta,Autunno,2011,202.75
Caltanissetta,Autunno,2012,222.47
Caltanissetta,Autunno,2013,194.51
Caltanissetta,Autunno,2014,83.26
Caltanissetta,Autunno,2015,198.11
Caltanissetta,Autunno,2016,190.85
Caltanissetta,Autunno,2017,148.9
Caltanissetta,Autunno,2018,347.18
Caltanissetta,Autunno,2019,356.93
Caltanissetta,Autunno,2020,138.43
Caltanissetta,Autunno,2021,397.07
Caltanissetta,Autunno,2022,189.89
Caltanissetta,Autunno,2023,68.43
Caltanissetta,Autunno,2024,145.26
Siracusa,Inverno,1951,170.27
Siracusa,Inverno,1952,241.95
Siracusa,Inverno,1953,215.56
Siracusa,Inverno,1954,279.87
Siracusa,Inverno,1955,269.95
Siracusa,Inverno,1956,285.05
Siracusa,Inverno,1957,281.15
Siracusa,Inverno,1958,197.55
Siracusa,Inverno,1959,197.75
Siracusa,Inverno,1960,207.32
Siracusa,Inverno,1961,262.87
Siracusa,Inverno,1962,136.63
Siracusa,Inverno,1963,195.4
Siracusa,Inverno,1964,332.16
Siracusa,Inverno,1965,395.65
Siracusa,Inverno,1966,115.81
Siracusa,Inverno,1967,218.23
Siracusa,Inverno,1968,260.15
Siracusa,Inverno,1969,247.89
Siracusa,Inverno,1970,214.72
Siracusa,Inverno,1971,323.38
Siracusa,Inverno,1972,214.06
Siracusa,Inverno,1973,625.57
Siracusa,Inverno,1974,254.47
Siracusa,Inverno,1975,172.86
Siracusa,Inverno,1976,272.68
Siracusa,Inverno,1977,283.53
Siracusa,Inverno,1978,184.12
Siracusa,Inverno,1979,195.98
Siracusa,Inverno,1980,152.2
Siracusa,Inverno,1981,247.25
Siracusa,Inverno,1982,386.23
Siracusa,Inverno,1983,128.73
Siracusa,Inverno,1984,150.14
Siracusa,Inverno,1985,559.55
Siracusa,Inverno,1986,132.93
Siracusa,Inverno,1987,188.45
Siracusa,Inverno,1988,135.6
Siracusa,Inverno,1989,296.96
Siracusa,Inverno,1990,374.53
Siracusa,Inverno,1991,350.01
Siracusa,Inverno,1992,502.14
Siracusa,Inverno,1993,304.61
Siracusa,Inverno,1994,277.05
Siracusa,Inverno,1995,168.3
Siracusa,Inverno,1996,630.41
Siracusa,Inverno,1997,296.8
Siracusa,Inverno,1998,132.88
Siracusa,Inverno,1999,121.28
Siracusa,Inverno,2000,333.8
Siracusa,Inverno,2001,227.59
Siracusa,Inverno,2002,154.2
Siracusa,Inverno,2003,267.61
Siracusa,Inverno,2004,147.24
Siracusa,Inverno,2005,366.26
Siracusa,Inverno,2006,515.07
Siracusa,Inverno,2007,187.99
Siracusa,Inverno,2008,257.59
Siracusa,Inverno,2009,429.84
Siracusa,Inverno,2010,281.23
Siracusa,Inverno,2011,297.92
Siracusa,Inverno,2012,389.09
Siracusa,Inverno,2013,138.9
Siracusa,Inverno,2014,275.92
Siracusa,Inverno,2015,384.42
Siracusa,Inverno,2016,55.21
Siracusa,Inverno,2017,379.79
Siracusa,Inverno,2018,182.86
Siracusa,Inverno,2019,181.58
Siracusa,Inverno,2020,100.46
Siracusa,Inverno,2021,131.16
Siracusa,Inverno,2022,66.81
Siracusa,Inverno,2023,367.31
Siracusa,Inverno,2024,154.6
Siracusa,Inverno,2025,27.41
Siracusa,Primavera,1951,70.29
Siracusa,Primavera,1952,100.1
Siracusa,Primavera,1953,365.26
Siracusa,Primavera,1954,210.7
Siracusa,Primavera,1955,195.41
Siracusa,Primavera,1956,140.09
Siracusa,Primavera,1957,111.25
Siracusa,Primavera,1958,98.73
Siracusa,Primavera,1959,226.53
Siracusa,Primavera,1960,228.79
Siracusa,Primavera,1961,86.46
Siracusa,Primavera,1962,119.71
Siracusa,Primavera,1963,159.69
Siracusa,Primavera,1964,201.2
Siracusa,Primavera,1965,56.87
Siracusa,Primavera,1966,260.69
Siracusa,Primavera,1967,65.83
Siracusa,Primavera,1968,52.69
Siracusa,Primavera,1969,147.29
Siracusa,Primavera,1970,79.73
Siracusa,Primavera,1971,107.07
Siracusa,Primavera,1972,126.1
Siracusa,Primavera,1973,148.48
Siracusa,Primavera,1974,107.52
Siracusa,Primavera,1975,100.24
Siracusa,Primavera,1976,141.78
Siracusa,Primavera,1977,45.14
Siracusa,Primavera,1978,134.31
Siracusa,Primavera,1979,126.05
Siracusa,Primavera,1980,149.45
Siracusa,Primavera,1981,5.8
Siracusa,Primavera,1982,167.96
Siracusa,Primavera,1983,45.86
Siracusa,Primavera,1984,70.91
Siracusa,Primavera,1985,129.12
Siracusa,Primavera,1986,118.17
Siracusa,Primavera,1987,104.11
Siracusa,Primavera,1988,73.45
Siracusa,Primavera,1989,63.72
Siracusa,Primavera,1990,110.64
Siracusa,Primavera,1991,117.98
Siracusa,Primavera,1992,119.27
Siracusa,Primavera,1993,139.92
Siracusa,Primavera,1994,55.19
Siracusa,Primavera,1995,79.93
Siracusa,Primavera,1996,209.56
Siracusa,Primavera,1997,104.87
Siracusa,Primavera,1998,126.01
Siracusa,Primavera,1999,45.36
Siracusa,Primavera,2000,85.11
Siracusa,Primavera,2001,67.19
Siracusa,Primavera,2002,82.45
Siracusa,Primavera,2003,137.8
Siracusa,Primavera,2004,166.04
Siracusa,Primavera,2005,119.54
Siracusa,Primavera,2006,33.78
Siracusa,Primavera,2007,243.47
Siracusa,Primavera,2008,102.72
Siracusa,Primavera,2009,168.56
Siracusa,Primavera,2010,149.4
Siracusa,Primavera,2011,263.71
Siracusa,Primavera,2012,186.48
Siracusa,Primavera,2013,99.71
Siracusa,Primavera,2014,102.62
Siracusa,Primavera,2015,112.0
Siracusa,Primavera,2016,68.45
Siracusa,Primavera,2017,73.44
Siracusa,Primavera,2018,76.18
Siracusa,Primavera,2019,122.02
Siracusa,Primavera,2020,200.32
Siracusa,Primavera,2021,51.07
Siracusa,Primavera,2022,100.35
Siracusa,Primavera,2023,116.09
Siracusa,Primavera,2024,50.97
Siracusa,Estate,1951,12.69
Siracusa,Estate,1952,7.9
Siracusa,Estate,1953,82.22
Siracusa,Estate,1954,3.08
Siracusa,Estate,1955,30.53
Siracusa,Estate,1956,0.07
Siracusa,Estate,1957,15.3
Siracusa,Estate,1958,13.19
Siracusa,Estate,1959,50.52
Siracusa,Estate,1960,19.43
Siracusa,Estate,1961,31.92
Siracusa,Estate,1962,14.36
Siracusa,Estate,1963,114.86
Siracusa,Estate,1964,92.82
Siracusa,Estate,1965,44.62
Siracusa,Estate,1966,1.16
Siracusa,Estate,1967,18.11
Siracusa,Estate,1968,46.76
Siracusa,Estate,1969,28.04
Siracusa,Estate,1970,3.92
Siracusa,Estate,1971,3.86
Siracusa,Estate,1972,13.14
Siracusa,Estate,1973,30.89
Siracusa,Estate,1974,9.78
Siracusa,Estate,1975,90.67
Siracusa,Estate,1976,89.97
Siracusa,Estate,1977,6.39
Siracusa,Estate,1978,30.39
Siracusa,Estate,1979,14.24
Siracusa,Estate,1980,1.67
Siracusa,Estate,1981,11.55
Siracusa,Estate,1982,12.13
Siracusa,Estate,1983,32.82
Siracusa,Estate,1984,21.29
Siracusa,Estate,1985,13.68
Siracusa,Estate,1986,18.95
Siracusa,Estate,1987,19.38
Siracusa,Estate,1988,14.48
Siracusa,Estate,1989,34.9
Siracusa,Estate,1990,43.99
Siracusa,Estate,1991,20.36
Siracusa,Estate,1992,69.95
Siracusa,Estate,1993,2.07
Siracusa,Estate,1994,47.65
Siracusa,Estate,1995,41.93
Siracusa,Estate,1996,73.25
Siracusa,Estate,1997,78.35
Siracusa,Estate,1998,11.71
Siracusa,Estate,1999,41.34
Siracusa,Estate,2000,14.79
Siracusa,Estate,2001,41.32
Siracusa,Estate,2002,27.23
Siracusa,Estate,2003,33.98
Siracusa,Estate,2004,25.86
Siracusa,Estate,2005,40.01
Siracusa,Estate,2006,74.04
Siracusa,Estate,2007,48.35
Siracusa,Estate,2008,26.44
Siracusa,Estate,2009,44.0
Siracusa,Estate,2010,13.83
Siracusa,Estate,2011,12.1
Siracusa,Estate,2012,34.04
Siracusa,Estate,2013,74.58
Siracusa,Estate,2014,13.27
Siracusa,Estate,2015,87.14
Siracusa,Estate,2016,39.84
Siracusa,Estate,2017,32.39
Siracusa,Estate,2018,156.47
Siracusa,Estate,2019,58.96
Siracusa,Estate,2020,43.47
Siracusa,Estate,2021,21.86
Siracusa,Estate,2022,85.77
Siracusa,Estate,2023,53.37
Siracusa,Estate,2024,22.26
Siracusa,Autunno,1951,726.81
Siracusa,Autunno,1952,70.59
Siracusa,Autunno,1953,403.41
Siracusa,Autunno,1954,184.44
Siracusa,Autunno,1955,202.4
Siracusa,Autunno,1956,269.74
Siracusa,Autunno,1957,644.62
Siracusa,Autunno,1958,449.31
Siracusa,Autunno,1959,251.76
Siracusa,Autunno,1960,69.09
Siracusa,Autunno,1961,127.68
Siracusa,Autunno,1962,238.86
Siracusa,Autunno,1963,155.09
Siracusa,Autunno,1964,96.52
Siracusa,Autunno,1965,399.21
Siracusa,Autunno,1966,240.37
Siracusa,Autunno,1967,183.82
Siracusa,Autunno,1968,115.44
Siracusa,Autunno,1969,463.31
Siracusa,Autunno,1970,129.14
Siracusa,Autunno,1971,259.31
Siracusa,Autunno,1972,189.16
Siracusa,Autunno,1973,90.5
Siracusa,Autunno,1974,198.45
Siracusa,Autunno,1975,262.17
Siracusa,Autunno,1976,407.95
Siracusa,Autunno,1977,86.82
Siracusa,Autunno,1978,250.54
Siracusa,Autunno,1979,292.75
Siracusa,Autunno,1980,117.98
Siracusa,Autunno,1981,87.39
Siracusa,Autunno,1982,338.16
Siracusa,Autunno,1983,313.02
Siracusa,Autunno,1984,164.0
Siracusa,Autunno,1985,157.5
Siracusa,Autunno,1986,415.19
Siracusa,Autunno,1987,71.72
Siracusa,Autunno,1988,148.64
Siracusa,Autunno,1989,189.74
Siracusa,Autunno,1990,195.74
Siracusa,Autunno,1991,192.34
Siracusa,Autunno,1992,70.05
Siracusa,Autunno,1993,314.19
Siracusa,Autunno,1994,245.45
Siracusa,Autunno,1995,210.18
Siracusa,Autunno,1996,139.4
Siracusa,Autunno,1997,434.06
Siracusa,Autunno,1998,130.32
Siracusa,Autunno,1999,383.28
Siracusa,Autunno,2000,164.99
Siracusa,Autunno,2001,52.48
Siracusa,Autunno,2002,176.72
Siracusa,Autunno,2003,414.85
Siracusa,Autunno,2004,246.27
Siracusa,Autunno,2005,150.56
Siracusa,Autunno,2006,252.15
Siracusa,Autunno,2007,230.13
Siracusa,Autunno,2008,189.51
Siracusa,Autunno,2009,194.51
Siracusa,Autunno,2010,315.73
Siracusa,Autunno,2011,362.47
Siracusa,Autunno,2012,221.66
Siracusa,Autunno,2013,188.29
Siracusa,Autunno,2014,201.79
Siracusa,Autunno,2015,266.43
Siracusa,Autunno,2016,289.68
Siracusa,Autunno,2017,272.13
Siracusa,Autunno,2018,413.95
Siracusa,Autunno,2019,456.81
Siracusa,Autunno,2020,204.58
Siracusa,Autunno,2021,497.4
Siracusa,Autunno,2022,206.16
Siracusa,Autunno,2023,99.09
Siracusa,Autunno,2024,132.36
Ragusa,Inverno,1951,145.4
Ragusa,Inverno,1952,219.54
Ragusa,Inverno,1953,246.27
Ragusa,Inverno,1954,256.41
Ragusa,Inverno,1955,313.13
Ragusa,Inverno,1956,295.07
Ragusa,Inverno,1957,276.57
Ragusa,Inverno,1958,198.55
Ragusa,Inverno,1959,211.37
Ragusa,Inverno,1960,183.22
Ragusa,Inverno,1961,261.85
Ragusa,Inverno,1962,121.34
Ragusa,Inverno,1963,159.03
Ragusa,Inverno,1964,192.61
Ragusa,Inverno,1965,358.09
Ragusa,Inverno,1966,139.35
Ragusa,Inverno,1967,163.36
Ragusa,Inverno,1968,241.06
Ragusa,Inverno,1969,224.71
Ragusa,Inverno,1970,255.22
Ragusa,Inverno,1971,313.55
Ragusa,Inverno,1972,214.07
Ragusa,Inverno,1973,438.3
Ragusa,Inverno,1974,202.12
Ragusa,Inverno,1975,111.24
Ragusa,Inverno,1976,180.87
Ragusa,Inverno,1977,277.65
Ragusa,Inverno,1978,196.97
Ragusa,Inverno,1979,203.38
Ragusa,Inverno,1980,109.88
Ragusa,Inverno,1981,221.63
Ragusa,Inverno,1982,226.72
Ragusa,Inverno,1983,154.49
Ragusa,Inverno,1984,151.36
Ragusa,Inverno,1985,458.23
Ragusa,Inverno,1986,129.57
Ragusa,Inverno,1987,143.56
Ragusa,Inverno,1988,159.64
Ragusa,Inverno,1989,150.22
Ragusa,Inverno,1990,171.06
Ragusa,Inverno,1991,285.6
Ragusa,Inverno,1992,353.59
Ragusa,Inverno,1993,203.27
Ragusa,Inverno,1994,220.61
Ragusa,Inverno,1995,143.0
Ragusa,Inverno,1996,426.45
Ragusa,Inverno,1997,248.69
Ragusa,Inverno,1998,124.75
Ragusa,Inverno,1999,150.59
Ragusa,Inverno,2000,263.16
Ragusa,Inverno,2001,230.05
Ragusa,Inverno,2002,106.71
Ragusa,Inverno,2003,268.28
Ragusa,Inverno,2004,153.92
Ragusa,Inverno,2005,349.88
Ragusa,Inverno,2006,392.79
Ragusa,Inverno,2007,176.2
Ragusa,Inverno,2008,228.94
Ragusa,Inverno,2009,425.66
Ragusa,Inverno,2010,287.01
Ragusa,Inverno,2011,231.89
Ragusa,Inverno,2012,277.57
Ragusa,Inverno,2013,187.32
Ragusa,Inverno,2014,260.95
Ragusa,Inverno,2015,338.86
Ragusa,Inverno,2016,52.47
Ragusa,Inverno,2017,303.53
Ragusa,Inverno,2018,170.02
Ragusa,Inverno,2019,117.3
Ragusa,Inverno,2020,63.97
Ragusa,Inverno,2021,142.23
Ragusa,Inverno,2022,67.5
Ragusa,Inverno,2023,282.98
Ragusa,Inverno,2024,149.07
Ragusa,Inverno,2025,25.66
Ragusa,Primavera,1951,78.37
Ragusa,Primavera,1952,77.34
Ragusa,Primavera,1953,176.02
Ragusa,Primavera,1954,124.62
Ragusa,Primavera,1955,125.84
Ragusa,Primavera,1956,103.05
Ragusa,Primavera,1957,81.22
Ragusa,Primavera,1958,124.68
Ragusa,Primavera,1959,175.9
Ragusa,Primavera,1960,162.64
Ragusa,Primavera,1961,50.93
Ragusa,Primavera,1962,58.73
Ragusa,Primavera,1963,89.32
Ragusa,Primavera,1964,122.82
Ragusa,Primavera,1965,55.29
Ragusa,Primavera,1966,135.69
Ragusa,Primavera,1967,55.42
Ragusa,Primavera,1968,43.22
Ragusa,Primavera,1969,127.04
Ragusa,Primavera,1970,71.98
Ragusa,Primavera,1971,101.9
Ragusa,Primavera,1972,61.16
Ragusa,Primavera,1973,89.01
Ragusa,Primavera,1974,92.76
Ragusa,Primavera,1975,95.13
Ragusa,Primavera,1976,103.43
Ragusa,Primavera,1977,50.36
Ragusa,Primavera,1978,133.55
Ragusa,Primavera,1979,98.07
Ragusa,Primavera,1980,133.1
Ragusa,Primavera,1981,14.62
Ragusa,Primavera,1982,129.85
Ragusa,Primavera,1983,45.17
Ragusa,Primavera,1984,59.96
Ragusa,Primavera,1985,138.25
Ragusa,Primavera,1986,94.53
Ragusa,Primavera,1987,100.64
Ragusa,Primavera,1988,49.2
Ragusa,Primavera,1989,62.58
Ragusa,Primavera,1990,98.95
Ragusa,Primavera,1991,60.43
Ragusa,Primavera,1992,73.82
Ragusa,Primavera,1993,88.9
Ragusa,Primavera,1994,43.29
Ragusa,Primavera,1995,74.63
Ragusa,Primavera,1996,163.05
Ragusa,Primavera,1997,90.47
Ragusa,Primavera,1998,88.42
Ragusa,Primavera,1999,44.65
Ragusa,Primavera,2000,75.54
Ragusa,Primavera,2001,92.15
Ragusa,Primavera,2002,49.72
Ragusa,Primavera,2003,104.87
Ragusa,Primavera,2004,157.34
Ragusa,Primavera,2005,67.04
Ragusa,Primavera,2006,30.93
Ragusa,Primavera,2007,206.16
Ragusa,Primavera,2008,98.11
Ragusa,Primavera,2009,171.88
Ragusa,Primavera,2010,133.6
Ragusa,Primavera,2011,195.21
Ragusa,Primavera,2012,117.97
Ragusa,Primavera,2013,104.14
Ragusa,Primavera,2014,105.98
Ragusa,Primavera,2015,73.18
Ragusa,Primavera,2016,68.68
Ragusa,Primavera,2017,56.35
Ragusa,Primavera,2018,60.48
Ragusa,Primavera,2019,82.47
Ragusa,Primavera,2020,139.26
Ragusa,Primavera,2021,39.37
Ragusa,Primavera,2022,93.75
Ragusa,Primavera,2023,113.68
Ragusa,Primavera,2024,48.12
Ragusa,Estate,1951,20.31
Ragusa,Estate,1952,4.34
Ragusa,Estate,1953,94.8
Ragusa,Estate,1954,0.0
Ragusa,Estate,1955,31.53
Ragusa,Estate,1956,0.0
Ragusa,Estate,1957,5.15
Ragusa,Estate,1958,16.57
Ragusa,Estate,1959,28.49
Ragusa,Estate,1960,10.73
Ragusa,Estate,1961,36.08
Ragusa,Estate,1962,18.64
Ragusa,Estate,1963,81.8
Ragusa,Estate,1964,93.33
Ragusa,Estate,1965,46.85
Ragusa,Estate,1966,0.56
Ragusa,Estate,1967,8.75
Ragusa,Estate,1968,40.45
Ragusa,Estate,1969,2.1
Ragusa,Estate,1970,1.37
Ragusa,Estate,1971,1.68
Ragusa,Estate,1972,2.59
Ragusa,Estate,1973,16.6
Ragusa,Estate,1974,6.28
Ragusa,Estate,1975,116.19
Ragusa,Estate,1976,52.46
Ragusa,Estate,1977,2.29
Ragusa,Estate,1978,3.92
Ragusa,Estate,1979,28.89
Ragusa,Estate,1980,0.0
Ragusa,Estate,1981,3.54
Ragusa,Estate,1982,4.31
Ragusa,Estate,1983,15.96
Ragusa,Estate,1984,1.57
Ragusa,Estate,1985,3.93
Ragusa,Estate,1986,3.99
Ragusa,Estate,1987,20.33
Ragusa,Estate,1988,10.58
Ragusa,Estate,1989,10.13
Ragusa,Estate,1990,11.16
Ragusa,Estate,1991,6.32
Ragusa,Estate,1992,37.76
Ragusa,Estate,1993,0.08
Ragusa,Estate,1994,30.19
Ragusa,Estate,1995,17.61
Ragusa,Estate,1996,39.0
Ragusa,Estate,1997,54.31
Ragusa,Estate,1998,5.22
Ragusa,Estate,1999,22.07
Ragusa,Estate,2000,8.33
Ragusa,Estate,2001,22.83
Ragusa,Estate,2002,14.31
Ragusa,Estate,2003,13.41
Ragusa,Estate,2004,14.01
Ragusa,Estate,2005,17.27
Ragusa,Estate,2006,43.13
Ragusa,Estate,2007,42.1
Ragusa,Estate,2008,17.58
Ragusa,Estate,2009,12.56
Ragusa,Estate,2010,7.99
Ragusa,Estate,2011,2.67
Ragusa,Estate,2012,9.19
Ragusa,Estate,2013,15.04
Ragusa,Estate,2014,1.8
Ragusa,Estate,2015,66.0
Ragusa,Estate,2016,44.3
Ragusa,Estate,2017,13.72
Ragusa,Estate,2018,98.13
Ragusa,Estate,2019,13.13
Ragusa,Estate,2020,22.05
Ragusa,Estate,2021,8.16
Ragusa,Estate,2022,58.7
Ragusa,Estate,2023,24.27
Ragusa,Estate,2024,18.5
Ragusa,Autunno,1951,529.38
Ragusa,Autunno,1952,73.78
Ragusa,Autunno,1953,324.19
Ragusa,Autunno,1954,180.02
Ragusa,Autunno,1955,252.48
Ragusa,Autunno,1956,333.05
Ragusa,Autunno,1957,461.11
Ragusa,Autunno,1958,349.0
Ragusa,Autunno,1959,181.81
Ragusa,Autunno,1960,62.46
Ragusa,Autunno,1961,129.71
Ragusa,Autunno,1962,208.38
Ragusa,Autunno,1963,138.47
Ragusa,Autunno,1964,81.56
Ragusa,Autunno,1965,236.64
Ragusa,Autunno,1966,223.72
Ragusa,Autunno,1967,112.27
Ragusa,Autunno,1968,83.36
Ragusa,Autunno,1969,210.73
Ragusa,Autunno,1970,94.77
Ragusa,Autunno,1971,214.29
Ragusa,Autunno,1972,106.49
Ragusa,Autunno,1973,70.33
Ragusa,Autunno,1974,176.82
Ragusa,Autunno,1975,198.84
Ragusa,Autunno,1976,351.73
Ragusa,Autunno,1977,71.69
Ragusa,Autunno,1978,169.77
Ragusa,Autunno,1979,251.4
Ragusa,Autunno,1980,109.12
Ragusa,Autunno,1981,57.64
Ragusa,Autunno,1982,284.07
Ragusa,Autunno,1983,196.1
Ragusa,Autunno,1984,151.32
Ragusa,Autunno,1985,123.81
Ragusa,Autunno,1986,325.13
Ragusa,Autunno,1987,39.07
Ragusa,Autunno,1988,118.66
Ragusa,Autunno,1989,140.65
Ragusa,Autunno,1990,140.17
Ragusa,Autunno,1991,188.08
Ragusa,Autunno,1992,78.93
Ragusa,Autunno,1993,200.97
Ragusa,Autunno,1994,192.59
Ragusa,Autunno,1995,163.96
Ragusa,Autunno,1996,148.75
Ragusa,Autunno,1997,378.73
Ragusa,Autunno,1998,141.88
Ragusa,Autunno,1999,290.12
Ragusa,Autunno,2000,120.57
Ragusa,Autunno,2001,45.22
Ragusa,Autunno,2002,162.85
Ragusa,Autunno,2003,279.34
Ragusa,Autunno,2004,252.23
Ragusa,Autunno,2005,111.77
Ragusa,Autunno,2006,167.75
Ragusa,Autunno,2007,207.5
Ragusa,Autunno,2008,173.32
Ragusa,Autunno,2009,185.23
Ragusa,Autunno,2010,329.97
Ragusa,Autunno,2011,351.25
Ragusa,Autunno,2012,200.26
Ragusa,Autunno,2013,195.75
Ragusa,Autunno,2014,130.67
Ragusa,Autunno,2015,171.0
Ragusa,Autunno,2016,209.15
Ragusa,Autunno,2017,247.21
Ragusa,Autunno,2018,292.1
Ragusa,Autunno,2019,386.97
Ragusa,Autunno,2020,120.93
Ragusa,Autunno,2021,327.18
Ragusa,Autunno,2022,201.61
Ragusa,Autunno,2023,86.48
Ragusa,Autunno,2024,109.21
Agrigento,Inverno,1951,156.28
Agrigento,Inverno,1952,213.98
Agrigento,Inverno,1953,221.72
Agrigento,Inverno,1954,362.82
Agrigento,Inverno,1955,306.45
Agrigento,Inverno,1956,275.3
Agrigento,Inverno,1957,190.47
Agrigento,Inverno,1958,244.96
Agrigento,Inverno,1959,274.0
Agrigento,Inverno,1960,312.54
Agrigento,Inverno,1961,327.92
Agrigento,Inverno,1962,128.24
Agrigento,Inverno,1963,284.55
Agrigento,Inverno,1964,227.85
Agrigento,Inverno,1965,397.78
Agrigento,Inverno,1966,197.76
Agrigento,Inverno,1967,216.18
Agrigento,Inverno,1968,231.08
Agrigento,Inverno,1969,291.2
Agrigento,Inverno,1970,311.88
Agrigento,Inverno,1971,246.76
Agrigento,Inverno,1972,335.46
Agrigento,Inverno,1973,314.8
Agrigento,Inverno,1974,222.55
Agrigento,Inverno,1975,129.55
Agrigento,Inverno,1976,221.84
Agrigento,Inverno,1977,254.19
Agrigento,Inverno,1978,269.45
Agrigento,Inverno,1979,238.51
Agrigento,Inverno,1980,124.8
Agrigento,Inverno,1981,254.8
Agrigento,Inverno,1982,196.94
Agrigento,Inverno,1983,174.44
Agrigento,Inverno,1984,176.81
Agrigento,Inverno,1985,305.88
Agrigento,Inverno,1986,204.06
Agrigento,Inverno,1987,169.12
Agrigento,Inverno,1988,155.15
Agrigento,Inverno,1989,148.14
Agrigento,Inverno,1990,132.99
Agrigento,Inverno,1991,295.31
Agrigento,Inverno,1992,201.15
Agrigento,Inverno,1993,177.89
Agrigento,Inverno,1994,221.78
Agrigento,Inverno,1995,114.77
Agrigento,Inverno,1996,309.05
Agrigento,Inverno,1997,220.53
Agrigento,Inverno,1998,182.94
Agrigento,Inverno,1999,173.16
Agrigento,Inverno,2000,136.76
Agrigento,Inverno,2001,313.06
Agrigento,Inverno,2002,120.03
Agrigento,Inverno,2003,294.97
Agrigento,Inverno,2004,188.61
Agrigento,Inverno,2005,387.47
Agrigento,Inverno,2006,308.17
Agrigento,Inverno,2007,159.46
Agrigento,Inverno,2008,174.48
Agrigento,Inverno,2009,399.81
Agrigento,Inverno,2010,336.45
Agrigento,Inverno,2011,194.22
Agrigento,Inverno,2012,269.66
Agrigento,Inverno,2013,293.64
Agrigento,Inverno,2014,252.8
Agrigento,Inverno,2015,459.32
Agrigento,Inverno,2016,104.01
Agrigento,Inverno,2017,335.45
Agrigento,Inverno,2018,264.39
Agrigento,Inverno,2019,142.65
Agrigento,Inverno,2020,100.21
Agrigento,Inverno,2021,259.03
Agrigento,Inverno,2022,146.41
Agrigento,Inverno,2023,171.42
Agrigento,Inverno,2024,184.76
Agrigento,Inverno,2025,75.23
Agrigento,Primavera,1951,96.2
Agrigento,Primavera,1952,100.95
Agrigento,Primavera,1953,153.21
Agrigento,Primavera,1954,161.04
Agrigento,Primavera,1955,154.54
Agrigento,Primavera,1956,54.68
Agrigento,Primavera,1957,156.85
Agrigento,Primavera,1958,163.47
Agrigento,Primavera,1959,256.5
Agrigento,Primavera,1960,184.46
Agrigento,Primavera,1961,54.55
Agrigento,Primavera,1962,105.67
Agrigento,Primavera,1963,153.13
Agrigento,Primavera,1964,104.69
Agrigento,Primavera,1965,73.71
Agrigento,Primavera,1966,195.54
Agrigento,Primavera,1967,64.89
Agrigento,Primavera,1968,86.9
Agrigento,Primavera,1969,153.39
Agrigento,Primavera,1970,78.66
Agrigento,Primavera,1971,140.0
Agrigento,Primavera,1972,103.77
Agrigento,Primavera,1973,148.09
Agrigento,Primavera,1974,141.75
Agrigento,Primavera,1975,118.91
Agrigento,Primavera,1976,174.25
Agrigento,Primavera,1977,75.06
Agrigento,Primavera,1978,176.42
Agrigento,Primavera,1979,119.2
Agrigento,Primavera,1980,178.58
Agrigento,Primavera,1981,36.5
Agrigento,Primavera,1982,165.89
Agrigento,Primavera,1983,91.66
Agrigento,Primavera,1984,94.41
Agrigento,Primavera,1985,179.1
Agrigento,Primavera,1986,112.53
Agrigento,Primavera,1987,99.31
Agrigento,Primavera,1988,121.34
Agrigento,Primavera,1989,96.17
Agrigento,Primavera,1990,155.58
Agrigento,Primavera,1991,106.53
Agrigento,Primavera,1992,168.21
Agrigento,Primavera,1993,97.06
Agrigento,Primavera,1994,60.47
Agrigento,Primavera,1995,80.76
Agrigento,Primavera,1996,211.06
Agrigento,Primavera,1997,74.24
Agrigento,Primavera,1998,101.88
Agrigento,Primavera,1999,62.02
Agrigento,Primavera,2000,65.92
Agrigento,Primavera,2001,92.06
Agrigento,Primavera,2002,99.99
Agrigento,Primavera,2003,108.01
Agrigento,Primavera,2004,160.69
Agrigento,Primavera,2005,151.33
Agrigento,Primavera,2006,74.31
Agrigento,Primavera,2007,187.7
Agrigento,Primavera,2008,122.9
Agrigento,Primavera,2009,179.68
Agrigento,Primavera,2010,149.39
Agrigento,Primavera,2011,150.56
Agrigento,Primavera,2012,111.11
Agrigento,Primavera,2013,188.7
Agrigento,Primavera,2014,205.33
Agrigento,Primavera,2015,121.33
Agrigento,Primavera,2016,149.49
Agrigento,Primavera,2017,57.71
Agrigento,Primavera,2018,136.2
Agrigento,Primavera,2019,132.98
Agrigento,Primavera,2020,148.39
Agrigento,Primavera,2021,92.15
Agrigento,Primavera,2022,114.77
Agrigento,Primavera,2023,161.52
Agrigento,Primavera,2024,82.62
Agrigento,Estate,1951,13.11
Agrigento,Estate,1952,4.63
Agrigento,Estate,1953,81.59
Agrigento,Estate,1954,4.86
Agrigento,Estate,1955,15.82
Agrigento,Estate,1956,2.82
Agrigento,Estate,1957,11.28
Agrigento,Estate,1958,2.38
Agrigento,Estate,1959,36.65
Agrigento,Estate,1960,5.55
Agrigento,Estate,1961,37.93
Agrigento,Estate,1962,20.85
Agrigento,Estate,1963,38.0
Agrigento,Estate,1964,102.43
Agrigento,Estate,1965,19.14
Agrigento,Estate,1966,2.86
Agrigento,Estate,1967,19.13
Agrigento,Estate,1968,43.73
Agrigento,Estate,1969,12.1
Agrigento,Estate,1970,5.48
Agrigento,Estate,1971,3.07
Agrigento,Estate,1972,10.51
Agrigento,Estate,1973,21.74
Agrigento,Estate,1974,8.16
Agrigento,Estate,1975,84.11
Agrigento,Estate,1976,58.66
Agrigento,Estate,1977,11.66
Agrigento,Estate,1978,8.27
Agrigento,Estate,1979,11.84
Agrigento,Estate,1980,4.37
Agrigento,Estate,1981,13.84
Agrigento,Estate,1982,6.77
Agrigento,Estate,1983,14.32
Agrigento,Estate,1984,4.11
Agrigento,Estate,1985,1.39
Agrigento,Estate,1986,16.09
Agrigento,Estate,1987,7.83
Agrigento,Estate,1988,11.41
Agrigento,Estate,1989,9.93
Agrigento,Estate,1990,10.16
Agrigento,Estate,1991,11.63
Agrigento,Estate,1992,28.31
Agrigento,Estate,1993,0.18
Agrigento,Estate,1994,32.54
Agrigento,Estate,1995,67.92
Agrigento,Estate,1996,53.37
Agrigento,Estate,1997,58.35
Agrigento,Estate,1998,5.06
Agrigento,Estate,1999,32.34
Agrigento,Estate,2000,7.0
Agrigento,Estate,2001,14.59
Agrigento,Estate,2002,19.41
Agrigento,Estate,2003,20.92
Agrigento,Estate,2004,28.1
Agrigento,Estate,2005,45.82
Agrigento,Estate,2006,33.35
Agrigento,Estate,2007,36.97
Agrigento,Estate,2008,6.63
Agrigento,Estate,2009,4.31
Agrigento,Estate,2010,7.68
Agrigento,Estate,2011,5.78
Agrigento,Estate,2012,2.76
Agrigento,Estate,2013,50.28
Agrigento,Estate,2014,16.53
Agrigento,Estate,2015,47.67
Agrigento,Estate,2016,31.87
Agrigento,Estate,2017,13.74
Agrigento,Estate,2018,100.41
Agrigento,Estate,2019,7.24
Agrigento,Estate,2020,11.17
Agrigento,Estate,2021,16.43
Agrigento,Estate,2022,28.87
Agrigento,Estate,2023,47.61
Agrigento,Estate,2024,18.62
Agrigento,Autunno,1951,347.48
Agrigento,Autunno,1952,111.04
Agrigento,Autunno,1953,171.37
Agrigento,Autunno,1954,140.48
Agrigento,Autunno,1955,250.57
Agrigento,Autunno,1956,333.85
Agrigento,Autunno,1957,297.74
Agrigento,Autunno,1958,398.43
Agrigento,Autunno,1959,261.65
Agrigento,Autunno,1960,117.45
Agrigento,Autunno,1961,194.06
Agrigento,Autunno,1962,235.96
Agrigento,Autunno,1963,154.27
Agrigento,Autunno,1964,99.27
Agrigento,Autunno,1965,230.7
Agrigento,Autunno,1966,262.75
Agrigento,Autunno,1967,128.07
Agrigento,Autunno,1968,106.76
Agrigento,Autunno,1969,222.33
Agrigento,Autunno,1970,118.82
Agrigento,Autunno,1971,222.59
Agrigento,Autunno,1972,173.25
Agrigento,Autunno,1973,94.98
Agrigento,Autunno,1974,255.78
Agrigento,Autunno,1975,120.28
Agrigento,Autunno,1976,494.77
Agrigento,Autunno,1977,113.55
Agrigento,Autunno,1978,232.66
Agrigento,Autunno,1979,256.25
Agrigento,Autunno,1980,124.08
Agrigento,Autunno,1981,51.27
Agrigento,Autunno,1982,259.98
Agrigento,Autunno,1983,200.44
Agrigento,Autunno,1984,147.36
Agrigento,Autunno,1985,197.66
Agrigento,Autunno,1986,185.09
Agrigento,Autunno,1987,149.8
Agrigento,Autunno,1988,165.12
Agrigento,Autunno,1989,264.34
Agrigento,Autunno,1990,205.01
Agrigento,Autunno,1991,210.46
Agrigento,Autunno,1992,132.83
Agrigento,Autunno,1993,280.45
Agrigento,Autunno,1994,124.6
Agrigento,Autunno,1995,189.17
Agrigento,Autunno,1996,168.24
Agrigento,Autunno,1997,379.88
Agrigento,Autunno,1998,184.12
Agrigento,Autunno,1999,148.7
Agrigento,Autunno,2000,186.2
Agrigento,Autunno,2001,94.9
Agrigento,Autunno,2002,178.86
Agrigento,Autunno,2003,309.43
Agrigento,Autunno,2004,299.88
Agrigento,Autunno,2005,119.84
Agrigento,Autunno,2006,211.48
Agrigento,Autunno,2007,192.47
Agrigento,Autunno,2008,127.29
Agrigento,Autunno,2009,302.73
Agrigento,Autunno,2010,258.92
Agrigento,Autunno,2011,193.37
Agrigento,Autunno,2012,272.14
Agrigento,Autunno,2013,259.37
Agrigento,Autunno,2014,127.78
Agrigento,Autunno,2015,252.58
Agrigento,Autunno,2016,243.85
Agrigento,Autunno,2017,150.95
Agrigento,Autunno,2018,395.51
Agrigento,Autunno,2019,381.31
Agrigento,Autunno,2020,143.04
Agrigento,Autunno,2021,460.78
Agrigento,Autunno,2022,247.46
Agrigento,Autunno,2023,87.73
Agrigento,Autunno,2024,141.59
