data,SPI1,SPI2,SPI3
1951-01,-0.16,,
1951-02,-0.082,-0.29,
1951-03,-0.04,-0.229,-0.354
1951-04,0.099,-0.075,-0.17
1951-05,0.325,0.206,0.143
1951-06,0.292,0.386,0.362
1951-07,0.241,0.315,0.487
1951-08,0.187,0.259,0.404
1951-09,0.241,0.25,0.356
1951-10,0.203,0.262,0.33
1951-11,0.266,0.246,0.357
1951-12,0.224,0.261,0.327
1952-01,0.224,0.219,0.343
1952-02,0.233,0.231,0.311
1952-03,0.186,0.188,0.261
1952-04,-0.062,-0.054,0.039
1952-05,-0.336,-0.4,-0.31
1952-06,-0.338,-0.629,-0.588
1952-07,-0.359,-0.643,-0.808
1952-08,-0.312,-0.616,-0.786
1952-09,-0.35,-0.607,-0.785
1952-10,-0.264,-0.57,-0.726
1952-11,-0.238,-0.478,-0.683
1952-12,-0.105,-0.373,-0.545
1953-01,0.046,-0.185,-0.394
1953-02,0.01,-0.082,-0.233
1953-03,0.174,0.064,-0.027
1953-04,0.245,0.268,0.15
1953-05,0.443,0.49,0.42
1953-06,0.414,0.628,0.568
1953-07,0.4,0.596,0.688
1953-08,0.448,0.634,0.707
1953-09,0.566,0.735,0.806
1953-10,0.503,0.78,0.865
1953-11,0.641,0.816,0.965
1953-12,0.567,0.871,0.963
1954-01,0.44,0.755,0.976
1954-02,0.44,0.63,0.859
1954-03,0.278,0.458,0.644
1954-04,0.237,0.278,0.459
1954-05,0.054,0.086,0.221
1954-06,0.174,0.033,0.163
1954-07,0.232,0.167,0.139
1954-08,0.272,0.225,0.25
1954-09,0.143,0.19,0.232
1954-10,0.181,0.117,0.211
1954-11,0.105,0.092,0.109
1954-12,0.045,0.002,0.07
1955-01,0.061,-0.05,-0.013
1955-02,0.072,-0.024,-0.06
1955-03,0.158,0.074,0.045
1955-04,0.411,0.338,0.316
1955-05,0.499,0.536,0.528
1955-06,0.394,0.511,0.597
1955-07,0.338,0.389,0.548
1955-08,0.135,0.195,0.33
1955-09,0.283,0.166,0.279
1955-10,0.206,0.24,0.225
1955-11,0.088,0.109,0.262
1955-12,0.083,0.007,0.141
1956-01,0.062,-0.008,0.035
1956-02,0.05,-0.039,0.013
1956-03,-0.048,-0.155,-0.119
1956-04,-0.12,-0.254,-0.22
1956-05,-0.188,-0.341,-0.326
1956-06,-0.068,-0.295,-0.327
1956-07,-0.047,-0.178,-0.276
1956-08,0.096,-0.053,-0.099
1956-09,-0.235,-0.12,-0.156
1956-10,-0.244,-0.346,-0.229
1956-11,-0.129,-0.284,-0.39
1956-12,-0.006,-0.123,-0.281
1957-01,0.009,-0.0,-0.12
1957-02,0.017,0.024,0.007
1957-03,0.081,0.103,0.103
1957-04,0.049,0.101,0.101
1957-05,0.208,0.208,0.22
1957-06,0.181,0.287,0.28
1957-07,0.267,0.314,0.391
1957-08,0.221,0.331,0.384
1957-09,0.374,0.33,0.434
1957-10,0.434,0.442,0.459
1957-11,0.426,0.483,0.543
1957-12,0.351,0.431,0.541
1958-01,0.343,0.36,0.49
1958-02,0.349,0.36,0.422
1958-03,0.292,0.304,0.36
1958-04,0.182,0.175,0.234
1958-05,0.053,0.018,0.068
1958-06,0.199,0.058,0.081
1958-07,0.202,0.182,0.116
1958-08,0.135,0.149,0.207
1958-09,0.087,0.076,0.161
1958-10,0.088,0.058,0.106
1958-11,0.229,0.16,0.176
1958-12,0.253,0.293,0.279
1959-01,0.32,0.343,0.42
1959-02,0.406,0.464,0.509
1959-03,0.439,0.559,0.633
1959-04,0.489,0.628,0.747
1959-05,0.553,0.705,0.831
1959-06,0.365,0.592,0.734
1959-07,0.305,0.399,0.605
1959-08,0.405,0.421,0.479
1959-09,0.493,0.54,0.533
1959-10,0.532,0.61,0.648
1959-11,0.437,0.569,0.645
1959-12,0.459,0.498,0.613
1960-01,0.459,0.518,0.549
1960-02,0.368,0.453,0.527
1960-03,0.327,0.341,0.444
1960-04,0.298,0.287,0.342
1960-05,0.209,0.197,0.241
1960-06,0.102,0.059,0.109
1960-07,0.197,0.07,0.066
1960-08,0.21,0.14,0.083
1960-09,0.114,0.113,0.118
1960-10,-0.037,-0.052,0.029
1960-11,-0.154,-0.252,-0.175
1960-12,-0.298,-0.421,-0.404
1961-01,-0.292,-0.515,-0.546
1961-02,-0.239,-0.467,-0.599
1961-03,-0.215,-0.396,-0.542
1961-04,-0.254,-0.412,-0.52
1961-05,-0.27,-0.439,-0.537
1961-06,-0.167,-0.371,-0.485
1961-07,-0.263,-0.387,-0.503
1961-08,-0.407,-0.549,-0.592
1961-09,-0.328,-0.624,-0.717
1961-10,-0.194,-0.481,-0.717
1961-11,-0.185,-0.355,-0.578
1961-12,-0.235,-0.367,-0.468
1962-01,-0.225,-0.383,-0.472
1962-02,-0.284,-0.419,-0.532
1962-03,-0.296,-0.483,-0.569
1962-04,-0.267,-0.466,-0.592
1962-05,-0.137,-0.334,-0.469
1962-06,-0.174,-0.27,-0.4
1962-07,-0.145,-0.273,-0.325
1962-08,-0.106,-0.225,-0.312
1962-09,-0.023,-0.142,-0.224
1962-10,-0.084,-0.122,-0.189
1962-11,-0.006,-0.13,-0.139
1962-12,0.237,0.059,-0.063
1963-01,0.247,0.219,0.097
1963-02,0.427,0.353,0.332
1963-03,0.511,0.551,0.485
1963-04,0.598,0.676,0.684
1963-05,0.545,0.657,0.688
1963-06,0.469,0.573,0.639
1963-07,0.484,0.542,0.577
1963-08,0.546,0.587,0.586
1963-09,0.487,0.588,0.592
1963-10,0.463,0.528,0.584
1963-11,0.521,0.562,0.57
1963-12,0.375,0.535,0.538
1964-01,0.422,0.469,0.535
1964-02,0.288,0.409,0.413
1964-03,0.383,0.415,0.436
1964-04,0.263,0.432,0.394
1964-05,0.235,0.359,0.387
1964-06,0.291,0.366,0.351
1964-07,0.363,0.458,0.408
1964-08,0.411,0.543,0.506
1964-09,0.413,0.579,0.584
1964-10,0.381,0.564,0.608
1964-11,0.236,0.427,0.515
1964-12,0.171,0.272,0.369
1965-01,0.006,0.085,0.164
1965-02,-0.043,-0.101,-0.044
1965-03,-0.138,-0.211,-0.204
1965-04,-0.056,-0.251,-0.258
1965-05,0.027,-0.138,-0.213
1965-06,0.003,-0.078,-0.127
1965-07,-0.126,-0.202,-0.157
1965-08,-0.2,-0.341,-0.296
1965-09,-0.261,-0.43,-0.45
1965-10,-0.148,-0.395,-0.478
1965-11,-0.01,-0.213,-0.378
1965-12,0.262,0.045,-0.106
1966-01,0.297,0.323,0.153
1966-02,0.301,0.363,0.435
1966-03,0.205,0.257,0.343
1966-04,0.202,0.19,0.276
1966-05,0.185,0.162,0.226
1966-06,0.265,0.188,0.238
1966-07,0.241,0.236,0.253
1966-08,0.207,0.199,0.273
1966-09,0.34,0.262,0.32
1966-10,0.228,0.29,0.324
1966-11,0.117,0.127,0.296
1966-12,-0.076,-0.068,0.07
1967-01,-0.101,-0.258,-0.125
1967-02,-0.06,-0.233,-0.284
1967-03,-0.011,-0.149,-0.211
1967-04,-0.02,-0.125,-0.167
1967-05,-0.138,-0.22,-0.244
1967-06,-0.186,-0.335,-0.345
1967-07,-0.11,-0.323,-0.405
1967-08,-0.027,-0.217,-0.349
1967-09,-0.132,-0.228,-0.324
1967-10,-0.111,-0.305,-0.328
1967-11,-0.177,-0.328,-0.428
1967-12,-0.187,-0.385,-0.452
1968-01,-0.001,-0.261,-0.401
1968-02,-0.041,-0.132,-0.307
1968-03,-0.068,-0.19,-0.229
1968-04,-0.125,-0.256,-0.317
1968-05,-0.155,-0.317,-0.385
1968-06,-0.145,-0.324,-0.413
1968-07,-0.093,-0.275,-0.38
1968-08,-0.137,-0.264,-0.365
1968-09,-0.102,-0.28,-0.34
1968-10,0.039,-0.161,-0.283
1968-11,0.091,0.001,-0.146
1968-12,0.107,0.047,0.003
1969-01,-0.046,-0.05,-0.048
1969-02,-0.005,-0.156,-0.121
1969-03,0.033,-0.092,-0.179
1969-04,0.265,0.129,0.052
1969-05,0.365,0.332,0.256
1969-06,0.306,0.36,0.384
1969-07,0.336,0.358,0.427
1969-08,0.32,0.376,0.418
1969-09,0.265,0.334,0.413
1969-10,0.148,0.218,0.313
1969-11,0.072,0.069,0.171
1969-12,0.096,0.037,0.051
1970-01,0.087,0.054,0.019
1970-02,0.047,0.007,0.01
1970-03,-0.006,-0.074,-0.075
1970-04,-0.203,-0.276,-0.286
1970-05,-0.214,-0.385,-0.405
1970-06,-0.319,-0.441,-0.545
1970-07,-0.454,-0.612,-0.679
1970-08,-0.414,-0.688,-0.781
1970-09,-0.315,-0.601,-0.798
1970-10,-0.267,-0.503,-0.698
1970-11,-0.154,-0.402,-0.561
1970-12,-0.198,-0.348,-0.49
1971-01,-0.205,-0.393,-0.442
1971-02,-0.188,-0.382,-0.475
1971-03,-0.187,-0.367,-0.465
1971-04,-0.066,-0.251,-0.343
1971-05,-0.048,-0.179,-0.271
1971-06,0.125,-0.079,-0.136
1971-07,0.135,0.024,-0.055
1971-08,0.141,0.035,0.018
1971-09,0.147,0.041,0.027
1971-10,0.085,0.013,0.011
1971-11,0.089,-0.035,-0.014
1971-12,0.159,0.005,-0.03
1972-01,0.152,0.068,0.007
1972-02,0.199,0.112,0.093
1972-03,0.229,0.175,0.156
1972-04,0.108,0.079,0.085
1972-05,0.161,0.074,0.087
1972-06,-0.059,0.045,0.016
1972-07,0.064,0.073,0.074
1972-08,0.157,0.214,0.156
1972-09,0.179,0.294,0.287
1972-10,0.307,0.38,0.411
1972-11,0.284,0.481,0.487
1972-12,0.194,0.412,0.546
1973-01,0.175,0.313,0.472
1973-02,0.218,0.346,0.432
1973-03,0.242,0.395,0.475
1973-04,0.247,0.418,0.517
1973-05,0.191,0.368,0.474
1973-06,0.285,0.332,0.444
1973-07,0.219,0.286,0.37
1973-08,-0.003,0.109,0.204
1973-09,-0.006,-0.021,0.058
1973-10,-0.155,-0.101,-0.125
1973-11,-0.038,-0.138,-0.151
1973-12,-0.014,-0.02,-0.179
1974-01,0.015,0.02,-0.056
1974-02,-0.085,-0.066,-0.104
1974-03,-0.11,-0.154,-0.184
1974-04,-0.04,-0.112,-0.187
1974-05,-0.033,-0.079,-0.162
1974-06,0.093,-0.011,-0.08
1974-07,-0.073,-0.052,-0.103
1974-08,-0.109,-0.209,-0.156
1974-09,-0.134,-0.244,-0.272
1974-10,-0.07,-0.237,-0.276
1974-11,-0.235,-0.304,-0.337
1974-12,-0.149,-0.387,-0.363
1975-01,-0.121,-0.298,-0.432
1975-02,-0.134,-0.281,-0.349
1975-03,0.015,-0.132,-0.193
1975-04,-0.097,-0.093,-0.158
1975-05,-0.125,-0.164,-0.157
1975-06,-0.12,-0.181,-0.208
1975-07,-0.026,-0.127,-0.19
1975-08,0.079,0.01,-0.093
1975-09,0.132,0.096,0.028
1975-10,0.17,0.157,0.122
1975-11,0.165,0.195,0.187
1975-12,0.183,0.211,0.228
1976-01,0.293,0.286,0.293
1976-02,0.403,0.447,0.407
1976-03,0.339,0.43,0.432
1976-04,0.362,0.384,0.43
1976-05,0.501,0.526,0.519
1976-06,0.631,0.716,0.706
1976-07,0.755,0.899,0.931
1976-08,0.781,1.008,1.104
1976-09,0.579,0.904,1.099
1976-10,0.375,0.631,0.923
1976-11,0.5,0.573,0.748
1976-12,0.359,0.586,0.64
1977-01,0.265,0.422,0.604
1977-02,0.155,0.277,0.399
1977-03,0.043,0.105,0.216
1977-04,0.092,0.061,0.127
1977-05,-0.18,-0.137,-0.095
1977-06,-0.361,-0.44,-0.353
1977-07,-0.549,-0.705,-0.706
1977-08,-0.477,-0.764,-0.867
1977-09,-0.373,-0.662,-0.883
1977-10,-0.266,-0.515,-0.745
1977-11,-0.181,-0.387,-0.589
1977-12,-0.072,-0.273,-0.439
1978-01,-0.101,-0.2,-0.337
1978-02,-0.099,-0.228,-0.262
1978-03,-0.063,-0.189,-0.252
1978-04,-0.118,-0.211,-0.274
1978-05,0.089,-0.076,-0.133
1978-06,0.131,0.092,-0.004
1978-07,0.168,0.15,0.161
1978-08,0.098,0.107,0.148
1978-09,0.149,0.088,0.141
1978-10,0.183,0.145,0.132
1978-11,0.117,0.107,0.134
1978-12,0.008,0.01,0.07
1979-01,0.009,-0.083,-0.023
1979-02,0.008,-0.081,-0.117
1979-03,0.018,-0.069,-0.102
1979-04,0.084,-0.007,-0.039
1979-05,0.068,0.001,-0.028
1979-06,0.091,0.001,-0.011
1979-07,0.064,0.007,-0.018
1979-08,0.028,-0.039,-0.038
1979-09,-0.065,-0.12,-0.128
1979-10,0.029,-0.119,-0.146
1979-11,-0.039,-0.088,-0.177
1979-12,0.089,-0.086,-0.11
1980-01,0.078,0.016,-0.112
1980-02,0.077,0.002,-0.009
1980-03,0.055,-0.023,-0.046
1980-04,-0.025,-0.106,-0.132
1980-05,-0.109,-0.211,-0.24
1980-06,-0.157,-0.305,-0.349
1980-07,-0.056,-0.276,-0.384
1980-08,0.016,-0.155,-0.314
1980-09,0.078,-0.071,-0.183
1980-10,-0.163,-0.156,-0.202
1980-11,-0.267,-0.428,-0.324
1980-12,-0.382,-0.578,-0.609
1981-01,-0.397,-0.693,-0.758
1981-02,-0.387,-0.697,-0.867
1981-03,-0.36,-0.663,-0.837
1981-04,-0.353,-0.635,-0.805
1981-05,-0.422,-0.69,-0.84
1981-06,-0.467,-0.771,-0.908
1981-07,-0.49,-0.816,-0.977
1981-08,-0.569,-0.885,-1.058
1981-09,-0.546,-0.914,-1.099
1981-10,-0.346,-0.804,-1.057
1981-11,-0.152,-0.509,-0.871
1981-12,-0.112,-0.324,-0.591
1982-01,-0.087,-0.268,-0.405
1982-02,-0.071,-0.231,-0.34
1982-03,-0.11,-0.257,-0.353
1982-04,-0.048,-0.235,-0.322
1982-05,0.101,-0.086,-0.197
1982-06,0.231,0.11,-0.006
1982-07,0.268,0.222,0.163
1982-08,0.161,0.206,0.226
1982-09,0.084,0.092,0.168
1982-10,0.037,0.006,0.045
1982-11,-0.225,-0.17,-0.129
1982-12,-0.238,-0.375,-0.291
1983-01,-0.254,-0.396,-0.49
1983-02,-0.24,-0.395,-0.496
1983-03,-0.196,-0.338,-0.448
1983-04,-0.127,-0.256,-0.364
1983-05,-0.198,-0.277,-0.372
1983-06,-0.201,-0.325,-0.388
1983-07,-0.188,-0.315,-0.419
1983-08,-0.139,-0.29,-0.403
1983-09,-0.095,-0.233,-0.358
1983-10,-0.1,-0.206,-0.316
1983-11,0.061,-0.137,-0.238
1983-12,0.02,-0.042,-0.191
1984-01,-0.002,-0.098,-0.109
1984-02,-0.04,-0.159,-0.195
1984-03,-0.06,-0.208,-0.258
1984-04,-0.12,-0.266,-0.328
1984-05,-0.143,-0.314,-0.379
1984-06,-0.172,-0.351,-0.432
1984-07,-0.14,-0.348,-0.441
1984-08,0.08,-0.197,-0.331
1984-09,0.045,-0.063,-0.206
1984-10,0.122,-0.034,-0.048
1984-11,0.188,0.071,0.009
1984-12,0.272,0.163,0.13
1985-01,0.265,0.243,0.219
1985-02,0.277,0.25,0.307
1985-03,0.235,0.213,0.254
1985-04,0.214,0.168,0.216
1985-05,0.264,0.193,0.228
1985-06,0.176,0.171,0.199
1985-07,-0.082,-0.06,0.058
1985-08,-0.208,-0.282,-0.184
1985-09,-0.149,-0.349,-0.344
1985-10,-0.142,-0.305,-0.396
1985-11,-0.315,-0.377,-0.411
1985-12,-0.373,-0.539,-0.492
1986-01,-0.311,-0.556,-0.621
1986-02,-0.279,-0.469,-0.615
1986-03,-0.259,-0.421,-0.516
1986-04,-0.243,-0.396,-0.478
1986-05,-0.204,-0.357,-0.435
1986-06,-0.114,-0.275,-0.359
1986-07,0.046,-0.113,-0.226
1986-08,0.025,-0.054,-0.121
1986-09,0.006,-0.077,-0.09
1986-10,-0.056,-0.132,-0.146
1986-11,-0.049,-0.198,-0.204
1986-12,0.068,-0.102,-0.212
1987-01,0.054,-0.012,-0.135
1987-02,0.052,-0.026,-0.054
1987-03,0.04,-0.038,-0.076
1987-04,-0.017,-0.097,-0.125
1987-05,-0.111,-0.2,-0.229
1987-06,-0.119,-0.264,-0.302
1987-07,-0.173,-0.303,-0.385
1987-08,-0.153,-0.324,-0.406
1987-09,-0.17,-0.323,-0.435
1987-10,-0.111,-0.296,-0.402
1987-11,-0.034,-0.204,-0.352
1987-12,-0.2,-0.262,-0.333
1988-01,-0.187,-0.389,-0.381
1988-02,-0.23,-0.417,-0.531
1988-03,-0.188,-0.409,-0.514
1988-04,-0.06,-0.269,-0.404
1988-05,-0.123,-0.222,-0.343
1988-06,-0.13,-0.261,-0.321
1988-07,-0.03,-0.203,-0.294
1988-08,-0.12,-0.182,-0.286
1988-09,-0.177,-0.272,-0.295
1988-10,-0.338,-0.417,-0.457
1988-11,-0.292,-0.513,-0.561
1988-12,-0.22,-0.439,-0.63
1989-01,-0.223,-0.384,-0.561
1989-02,-0.186,-0.361,-0.486
1989-03,-0.182,-0.334,-0.469
1989-04,-0.266,-0.401,-0.521
1989-05,-0.142,-0.377,-0.497
1989-06,-0.184,-0.336,-0.504
1989-07,-0.23,-0.398,-0.5
1989-08,-0.157,-0.401,-0.526
1989-09,-0.203,-0.372,-0.544
1989-10,-0.236,-0.427,-0.523
1989-11,-0.167,-0.38,-0.509
1989-12,-0.078,-0.282,-0.428
1990-01,-0.123,-0.227,-0.347
1990-02,-0.121,-0.25,-0.289
1990-03,-0.071,-0.197,-0.257
1990-04,-0.095,-0.174,-0.232
1990-05,-0.09,-0.18,-0.216
1990-06,-0.106,-0.178,-0.222
1990-07,-0.018,-0.112,-0.168
1990-08,-0.006,-0.033,-0.106
1990-09,0.137,0.053,0.024
1990-10,0.214,0.215,0.135
1990-11,0.162,0.209,0.213
1990-12,0.081,0.128,0.173
1991-01,0.141,0.086,0.11
1991-02,0.111,0.103,0.049
1991-03,0.038,0.007,-0.007
1991-04,0.121,0.019,-0.009
1991-05,0.16,0.087,0.026
1991-06,0.163,0.117,0.081
1991-07,0.112,0.072,0.072
1991-08,0.207,0.097,0.099
1991-09,0.038,0.097,0.063
1991-10,0.02,-0.04,0.056
1991-11,0.026,-0.045,-0.041
1991-12,0.153,0.032,0.015
1992-01,0.189,0.152,0.098
1992-02,0.241,0.226,0.238
1992-03,0.279,0.305,0.322
1992-04,0.201,0.26,0.305
1992-05,0.113,0.153,0.217
1992-06,0.073,0.058,0.109
1992-07,0.119,0.087,0.075
1992-08,-0.063,0.014,-0.003
1992-09,0.058,-0.07,-0.031
1992-10,0.106,0.041,-0.092
1992-11,-0.013,-0.006,-0.064
1992-12,-0.036,-0.091,-0.109
1993-01,-0.135,-0.146,-0.217
1993-02,-0.195,-0.291,-0.294
1993-03,-0.256,-0.399,-0.458
1993-04,-0.239,-0.423,-0.512
1993-05,-0.156,-0.346,-0.46
1993-06,-0.007,-0.189,-0.316
1993-07,-0.089,-0.163,-0.248
1993-08,0.025,-0.162,-0.175
1993-09,0.083,-0.056,-0.139
1993-10,-0.098,-0.071,-0.086
1993-11,-0.004,-0.118,-0.059
1993-12,-0.166,-0.15,-0.182
1994-01,-0.067,-0.224,-0.178
1994-02,0.021,-0.065,-0.198
1994-03,0.033,0.02,-0.053
1994-04,-0.002,-0.002,-0.025
1994-05,-0.048,-0.057,-0.073
1994-06,-0.151,-0.16,-0.179
1994-07,-0.157,-0.244,-0.27
1994-08,-0.2,-0.273,-0.357
1994-09,-0.356,-0.389,-0.46
1994-10,-0.167,-0.427,-0.515
1994-11,-0.206,-0.343,-0.569
1994-12,-0.165,-0.359,-0.478
1995-01,-0.246,-0.391,-0.525
1995-02,-0.303,-0.499,-0.589
1995-03,-0.163,-0.413,-0.546
1995-04,-0.052,-0.238,-0.413
1995-05,-0.192,-0.254,-0.367
1995-06,-0.097,-0.246,-0.313
1995-07,-0.045,-0.138,-0.279
1995-08,0.059,-0.04,-0.141
1995-09,0.283,0.16,0.055
1995-10,0.404,0.381,0.287
1995-11,0.408,0.497,0.506
1995-12,0.511,0.565,0.648
1996-01,0.653,0.728,0.767
1996-02,0.675,0.861,0.928
1996-03,0.607,0.808,0.943
1996-04,0.563,0.733,0.877
1996-05,0.761,0.826,0.922
1996-06,0.62,0.853,0.923
1996-07,0.708,0.845,1.0
1996-08,0.593,0.846,0.936
1996-09,0.398,0.649,0.845
1996-10,0.242,0.418,0.596
1996-11,0.257,0.287,0.377
1996-12,0.135,0.227,0.216
1997-01,-0.014,0.041,0.101
1997-02,-0.061,-0.123,-0.101
1997-03,0.022,-0.062,-0.108
1997-04,0.108,0.049,-0.012
1997-05,0.135,0.11,0.07
1997-06,0.287,0.208,0.188
1997-07,0.185,0.214,0.21
1997-08,0.165,0.121,0.208
1997-09,0.192,0.122,0.131
1997-10,0.221,0.161,0.147
1997-11,0.194,0.164,0.167
1997-12,0.252,0.172,0.193
1998-01,0.236,0.219,0.196
1998-02,0.231,0.196,0.239
1998-03,0.126,0.086,0.121
1998-04,0.061,-0.02,0.014
1998-05,-0.018,-0.113,-0.103
1998-06,-0.102,-0.226,-0.223
1998-07,-0.14,-0.317,-0.345
1998-08,-0.073,-0.303,-0.389
1998-09,-0.094,-0.264,-0.383
1998-10,-0.109,-0.286,-0.356
1998-11,-0.153,-0.321,-0.394
1998-12,-0.279,-0.426,-0.469
1999-01,-0.264,-0.537,-0.567
1999-02,-0.198,-0.45,-0.604
1999-03,-0.208,-0.422,-0.566
1999-04,-0.252,-0.463,-0.584
1999-05,-0.383,-0.576,-0.687
1999-06,-0.265,-0.544,-0.678
1999-07,-0.225,-0.425,-0.63
1999-08,-0.218,-0.397,-0.531
1999-09,-0.219,-0.383,-0.5
1999-10,-0.345,-0.464,-0.529
1999-11,-0.237,-0.464,-0.53
1999-12,-0.103,-0.307,-0.48
2000-01,-0.071,-0.166,-0.32
2000-02,-0.134,-0.203,-0.252
2000-03,-0.187,-0.3,-0.329
2000-04,-0.149,-0.296,-0.349
2000-05,-0.015,-0.184,-0.263
2000-06,-0.153,-0.225,-0.282
2000-07,-0.145,-0.32,-0.311
2000-08,-0.103,-0.28,-0.359
2000-09,-0.036,-0.226,-0.302
2000-10,0.019,-0.137,-0.23
2000-11,-0.017,-0.143,-0.189
2000-12,0.011,-0.152,-0.177
2001-01,-0.002,-0.134,-0.188
2001-02,-0.006,-0.15,-0.172
2001-03,0.053,-0.089,-0.123
2001-04,-0.073,-0.145,-0.182
2001-05,-0.242,-0.344,-0.327
2001-06,-0.228,-0.431,-0.451
2001-07,-0.269,-0.454,-0.54
2001-08,-0.39,-0.564,-0.628
2001-09,-0.468,-0.693,-0.762
2001-10,-0.446,-0.747,-0.882
2001-11,-0.429,-0.72,-0.915
2001-12,-0.392,-0.686,-0.875
2002-01,-0.382,-0.652,-0.842
2002-02,-0.29,-0.561,-0.771
2002-03,-0.282,-0.502,-0.71
2002-04,-0.205,-0.45,-0.623
2002-05,-0.063,-0.297,-0.501
2002-06,-0.018,-0.191,-0.38
2002-07,0.023,-0.128,-0.274
2002-08,0.141,-0.018,-0.159
2002-09,0.242,0.119,-0.018
2002-10,0.254,0.207,0.119
2002-11,0.329,0.277,0.23
2002-12,0.181,0.272,0.23
2003-01,0.234,0.194,0.243
2003-02,0.144,0.167,0.128
2003-03,0.146,0.121,0.119
2003-04,0.282,0.234,0.199
2003-05,0.346,0.353,0.31
2003-06,0.367,0.412,0.414
2003-07,0.422,0.465,0.491
2003-08,0.317,0.442,0.486
2003-09,0.194,0.301,0.422
2003-10,0.293,0.287,0.343
2003-11,0.297,0.354,0.339
2003-12,0.35,0.374,0.415
2004-01,0.387,0.43,0.449
2004-02,0.47,0.514,0.546
2004-03,0.395,0.505,0.559
2004-04,0.326,0.411,0.496
2004-05,0.232,0.307,0.377
2004-06,0.273,0.282,0.324
2004-07,0.336,0.355,0.346
2004-08,0.378,0.43,0.429
2004-09,0.504,0.531,0.54
2004-10,0.452,0.574,0.597
2004-11,0.469,0.552,0.64
2004-12,0.481,0.575,0.626
2005-01,0.514,0.604,0.654
2005-02,0.453,0.597,0.652
2005-03,0.516,0.606,0.681
2005-04,0.47,0.597,0.646
2005-05,0.509,0.598,0.666
2005-06,0.377,0.526,0.591
2005-07,0.354,0.439,0.53
2005-08,0.406,0.441,0.476
2005-09,0.436,0.495,0.491
2005-10,0.411,0.509,0.534
2005-11,0.27,0.383,0.476
2005-12,0.187,0.224,0.335
2006-01,0.126,0.14,0.178
2006-02,0.217,0.149,0.16
2006-03,0.189,0.191,0.15
2006-04,0.247,0.225,0.224
2006-05,0.238,0.257,0.245
2006-06,0.226,0.236,0.263
2006-07,0.172,0.176,0.206
2006-08,-0.034,0.044,0.075
2006-09,-0.091,-0.104,-0.06
2006-10,0.092,-0.028,-0.074
2006-11,0.174,0.177,0.031
2006-12,0.21,0.265,0.236
2007-01,0.268,0.329,0.333
2007-02,0.152,0.304,0.321
2007-03,0.116,0.176,0.281
2007-04,0.109,0.154,0.215
2007-05,0.155,0.176,0.228
2007-06,0.246,0.274,0.292
2007-07,0.23,0.316,0.354
2007-08,0.332,0.335,0.423
2007-09,0.264,0.339,0.404
2007-10,0.162,0.224,0.328
2007-11,0.062,0.082,0.178
2007-12,0.068,-0.007,0.044
2008-01,-0.042,-0.09,-0.079
2008-02,-0.023,-0.181,-0.152
2008-03,0.004,-0.135,-0.211
2008-04,-0.048,-0.17,-0.24
2008-05,-0.096,-0.234,-0.295
2008-06,-0.127,-0.29,-0.36
2008-07,-0.07,-0.264,-0.364
2008-08,0.144,-0.085,-0.226
2008-09,0.242,0.13,-0.019
2008-10,0.249,0.194,0.168
2008-11,0.381,0.278,0.29
2008-12,0.415,0.408,0.376
2009-01,0.406,0.431,0.493
2009-02,0.397,0.416,0.512
2009-03,0.434,0.447,0.537
2009-04,0.59,0.599,0.684
2009-05,0.694,0.758,0.845
2009-06,0.597,0.801,0.95
2009-07,0.488,0.654,0.915
2009-08,0.442,0.561,0.793
2009-09,0.487,0.544,0.726
2009-10,0.527,0.599,0.727
2009-11,0.425,0.574,0.735
2009-12,0.379,0.465,0.701
2010-01,0.378,0.425,0.597
2010-02,0.403,0.449,0.577
2010-03,0.335,0.401,0.533
2010-04,0.286,0.335,0.474
2010-05,0.27,0.296,0.424
2010-06,0.328,0.302,0.402
2010-07,0.246,0.279,0.373
2010-08,0.122,0.126,0.258
2010-09,0.149,0.07,0.167
2010-10,0.13,0.079,0.108
2010-11,0.19,0.091,0.135
2010-12,0.334,0.213,0.192
2011-01,0.35,0.342,0.312
2011-02,0.318,0.328,0.417
2011-03,0.32,0.301,0.406
2011-04,0.23,0.215,0.31
2011-05,0.207,0.153,0.249
2011-06,0.242,0.153,0.21
2011-07,0.343,0.255,0.257
2011-08,0.357,0.331,0.343
2011-09,0.37,0.348,0.401
2011-10,0.315,0.332,0.393
2011-11,0.322,0.293,0.38
2011-12,0.189,0.234,0.301
2012-01,0.125,0.083,0.228
2012-02,0.175,0.084,0.121
2012-03,0.184,0.138,0.129
2012-04,0.162,0.122,0.136
2012-05,0.132,0.088,0.104
2012-06,0.15,0.073,0.083
2012-07,0.106,0.055,0.052
2012-08,0.16,0.073,0.075
2012-09,0.071,0.043,0.034
2012-10,0.177,0.043,0.061
2012-11,0.134,0.11,0.047
2012-12,0.087,0.055,0.101
2013-01,0.091,0.011,0.048
2013-02,0.1,0.019,0.027
2013-03,0.224,0.13,0.147
2013-04,0.282,0.246,0.256
2013-05,0.21,0.228,0.283
2013-06,0.235,0.206,0.288
2013-07,0.284,0.253,0.289
2013-08,0.256,0.258,0.308
2013-09,0.278,0.255,0.323
2013-10,0.231,0.235,0.293
2013-11,0.271,0.215,0.291
2013-12,0.36,0.286,0.291
2014-01,0.429,0.416,0.383
2014-02,0.386,0.429,0.454
2014-03,0.26,0.286,0.35
2014-04,0.122,0.096,0.155
2014-05,0.156,0.048,0.063
2014-06,0.109,0.029,-0.002
2014-07,0.088,-0.016,-0.025
2014-08,0.127,0.001,-0.035
2014-09,0.263,0.119,0.069
2014-10,0.281,0.234,0.186
2014-11,0.101,0.179,0.262
2014-12,0.109,0.061,0.218
2015-01,0.154,0.093,0.139
2015-02,0.196,0.154,0.188
2015-03,0.315,0.294,0.326
2015-04,0.477,0.5,0.536
2015-05,0.583,0.661,0.722
2015-06,0.604,0.759,0.863
2015-07,0.402,0.679,0.888
2015-08,0.293,0.491,0.757
2015-09,0.063,0.268,0.465
2015-10,0.034,0.089,0.259
2015-11,0.069,0.065,0.067
2015-12,0.083,0.096,0.049
2016-01,0.106,0.116,0.082
2016-02,0.055,0.11,0.079
2016-03,-0.002,0.027,0.032
2016-04,-0.028,-0.024,-0.033
2016-05,-0.136,-0.12,-0.138
2016-06,-0.12,-0.189,-0.206
2016-07,0.021,-0.117,-0.237
2016-08,0.169,0.078,-0.082
2016-09,0.235,0.221,0.113
2016-10,0.076,0.176,0.183
2016-11,0.184,0.105,0.179
2016-12,0.042,0.117,0.069
2017-01,-0.063,-0.063,0.027
2017-02,-0.037,-0.133,-0.116
2017-03,-0.105,-0.179,-0.223
2017-04,-0.115,-0.22,-0.253
2017-05,-0.154,-0.248,-0.3
2017-06,-0.173,-0.286,-0.336
2017-07,-0.179,-0.31,-0.374
2017-08,-0.355,-0.465,-0.505
2017-09,-0.254,-0.495,-0.542
2017-10,-0.126,-0.354,-0.535
2017-11,-0.202,-0.302,-0.419
2017-12,-0.049,-0.286,-0.32
2018-01,0.142,-0.04,-0.206
2018-02,0.113,0.106,0.003
2018-03,0.322,0.292,0.249
2018-04,0.301,0.404,0.35
2018-05,0.473,0.527,0.534
2018-06,0.528,0.691,0.668
2018-07,0.521,0.74,0.821
2018-08,0.605,0.802,0.907
2018-09,0.451,0.745,0.843
2018-10,0.378,0.59,0.759
2018-11,0.464,0.58,0.635
2018-12,0.513,0.664,0.651
2019-01,0.317,0.593,0.632
2019-02,0.36,0.454,0.578
2019-03,0.216,0.335,0.395
2019-04,0.229,0.247,0.321
2019-05,0.154,0.187,0.218
2019-06,0.221,0.173,0.21
2019-07,0.284,0.263,0.218
2019-08,0.066,0.19,0.232
2019-09,-0.074,-0.078,0.11
2019-10,0.077,-0.017,0.069
2019-11,-0.023,0.066,0.086
2019-12,-0.174,-0.1,0.103
2020-01,-0.113,-0.187,-0.021
2020-02,-0.071,-0.109,-0.066
2020-03,-0.111,-0.113,-0.037
2020-04,-0.102,-0.124,-0.027
2020-05,-0.195,-0.186,-0.098
2020-06,-0.333,-0.348,-0.232
2020-07,-0.261,-0.407,-0.326
2020-08,-0.086,-0.27,-0.337
2020-09,0.039,-0.05,-0.168
2020-10,-0.039,-0.075,-0.13
2020-11,0.011,-0.134,-0.137
2020-12,-0.027,-0.108,-0.203
2021-01,-0.049,-0.15,-0.192
2021-02,-0.082,-0.193,-0.255
2021-03,-0.103,-0.238,-0.303
2021-04,-0.133,-0.277,-0.359
2021-05,0.047,-0.148,-0.237
2021-06,0.191,0.082,-0.048
2021-07,0.145,0.16,0.12
2021-08,0.094,0.097,0.178
2021-09,0.046,0.034,0.103
2021-10,-0.025,-0.043,0.013
2021-11,-0.094,-0.144,-0.09
2021-12,0.11,-0.054,-0.085
2022-01,0.079,0.091,-0.017
2022-02,0.021,0.013,0.086
2022-03,0.161,0.116,0.162
2022-04,0.174,0.213,0.238
2022-05,0.018,0.09,0.172
2022-06,-0.068,-0.079,0.024
2022-07,-0.195,-0.219,-0.185
2022-08,-0.135,-0.271,-0.293
2022-09,-0.008,-0.142,-0.259
2022-10,-0.003,-0.045,-0.142
2022-11,0.094,0.023,0.001
2022-12,0.204,0.156,0.122
2023-01,0.35,0.3,0.288
2023-02,0.35,0.441,0.434
2023-03,0.262,0.351,0.441
2023-04,0.207,0.251,0.339
2023-05,0.068,0.135,0.202
2023-06,-0.017,0.001,0.068
2023-07,-0.032,-0.088,-0.064
2023-08,-0.014,-0.078,-0.12
2023-09,-0.036,-0.09,-0.137
2023-10,-0.084,-0.137,-0.168
2023-11,-0.155,-0.227,-0.25
2023-12,-0.34,-0.409,-0.435
2024-01,-0.497,-0.626,-0.652
2024-02,-0.49,-0.771,-0.868
2024-03,-0.471,-0.748,-0.943
2024-04,-0.43,-0.707,-0.9
2024-05,-0.301,-0.608,-0.809
2024-06,-0.308,-0.551,-0.745
2024-07,-0.182,-0.47,-0.621
2024-08,-0.192,-0.418,-0.569
2024-09,-0.224,-0.453,-0.54
2024-10,-0.135,-0.444,-0.539
2024-11,-0.047,-0.31,-0.487
2024-12,-0.093,-0.283,-0.389
