data,Palermo,Messina,Catania,Enna,Trapani,Caltanissetta,Siracusa,Ragusa,Agrigento
1951-01-01,145.15771,177.64711,86.20974,89.91428,81.7011,90.003586,144.45917,106.57781,98.19947
1951-02-01,74.690765,57.382816,25.486591,40.700676,65.320755,48.920128,25.811785,38.817574,58.08141
1951-03-01,109.1599,119.29958,54.434536,77.78464,63.48932,64.81947,51.042324,53.83255,64.17535
1951-04-01,30.962883,29.130121,4.108191,3.3335414,26.015919,3.9028702,0.60660654,3.8017712,7.604597
1951-05-01,42.40986,44.606903,16.426695,16.191631,36.53799,13.205867,18.645443,20.735132,24.421185
1951-06-01,0.03480152,1.4105264,0.7726306,0.20448062,0.0,0.0,0.2057262,0.0,0.0
1951-07-01,7.076747,10.921057,9.442739,2.6817548,0.9677881,2.4886873,1.7008729,4.126352,1.9939278
1951-08-01,20.275433,25.68825,9.73602,8.808023,14.717453,12.364708,10.785277,16.178705,11.118108
1951-09-01,89.23615,100.37408,121.123436,96.04786,81.52935,79.53731,132.81471,96.92901,66.017944
1951-10-01,211.73648,504.12332,412.66458,415.7877,176.565,253.49023,543.12115,384.5708,219.86267
1951-11-01,98.08539,109.001015,60.553215,56.933098,95.248146,44.988136,50.87333,47.879528,61.599266
1951-12-01,75.971954,71.94984,48.5808,53.928936,64.01386,63.47721,64.52268,59.447395,73.510155
1952-01-01,76.88862,83.69148,68.940506,67.46805,74.10321,81.14353,80.75062,72.13098,75.582794
1952-02-01,101.35178,103.468544,68.49467,61.748974,80.28007,55.658875,96.67774,87.96138,64.885086
1952-03-01,52.338146,78.360886,55.203793,59.69135,53.11893,51.869137,55.724632,40.559933,53.67075
1952-04-01,19.010399,18.472897,26.81392,29.28344,46.0646,26.550278,26.819176,20.516977,34.62275
1952-05-01,12.853876,42.48746,20.058273,17.270494,6.4749265,13.824039,17.553495,16.258118,12.6572075
1952-06-01,0.053622227,0.06772852,1.548681,0.62011915,0.15915677,0.02085454,0.2611649,0.0,0.17583387
1952-07-01,5.9858565,10.386198,4.2243543,18.139963,8.100195,4.8876443,2.911276,4.2013407,4.0218673
1952-08-01,0.014674195,5.2546153,9.041276,3.5252557,0.36049902,0.34147152,4.727088,0.13700661,0.42952892
1952-09-01,3.4527545,24.812008,1.3932687,1.2256957,4.948093,1.7768171,2.3572848,2.1924481,1.8082273
1952-10-01,37.876858,51.532658,27.514317,25.095968,28.288015,18.470547,20.319927,19.701471,22.304115
1952-11-01,113.073044,119.42667,47.28472,36.954624,93.72722,51.332005,47.916428,51.88247,86.93051
1952-12-01,70.42354,75.41492,31.789934,37.78571,62.233643,43.16709,56.30843,60.899853,55.33972
1953-01-01,128.55571,106.01374,90.79241,88.24158,142.93225,86.61205,115.55752,131.16116,86.2722
1953-02-01,80.75259,54.46881,33.6678,36.498837,91.217735,55.000126,43.690525,54.20807,80.10673
1953-03-01,86.510475,126.2335,168.93393,147.05946,79.89603,77.70645,249.86168,113.081085,84.540085
1953-04-01,25.716932,41.500313,42.23491,37.236435,17.379423,27.469498,48.98302,39.397022,26.617819
1953-05-01,52.232124,116.049416,76.411514,87.17856,31.556173,64.51542,66.417465,23.541565,42.050976
1953-06-01,31.749653,38.188072,26.721083,36.43551,26.78261,28.797562,24.002571,34.182743,25.366982
1953-07-01,0.036711343,1.5169917,0.20475017,0.33822733,0.01506647,0.013111294,0.0,0.0,0.0
1953-08-01,121.69932,45.703007,65.11964,42.221397,57.477486,42.973557,58.21775,60.621613,56.22377
1953-09-01,15.53716,30.839859,19.314678,27.285475,9.857444,13.39749,19.999964,7.1582766,9.644295
1953-10-01,136.47461,314.869,257.0192,202.24187,184.76814,147.44586,273.17532,260.2662,117.130684
1953-11-01,56.95851,77.65439,91.2378,36.695965,63.041714,36.97183,110.22994,56.76533,44.59706
1953-12-01,39.17013,80.119415,55.7576,45.762867,39.499916,45.457474,86.903046,43.722466,41.302246
1954-01-01,208.5673,157.70853,108.55002,132.24417,156.81158,139.77332,92.93596,100.20492,157.57657
1954-02-01,171.08556,168.56044,107.14411,125.62283,214.94293,137.95999,100.02992,112.48602,163.9432
1954-03-01,67.15601,141.67537,76.62775,84.14067,27.774267,63.329144,63.87972,27.133865,56.29632
1954-04-01,108.89992,89.85116,97.242546,87.88246,104.83273,73.30082,128.26944,86.15849,80.50236
1954-05-01,49.622887,52.248363,21.75864,27.990667,39.12724,21.937963,18.548979,11.331279,24.244726
1954-06-01,1.1917548,9.078405,8.865513,9.72574,0.08604249,1.1414398,2.7742913,0.0,0.5452656
1954-07-01,0.03609748,1.7132384,0.0,0.0057533807,0.0,0.0,0.0,0.0,0.0
1954-08-01,4.769211,4.0243278,0.64789784,1.5775697,3.733845,2.3015249,0.30349523,0.0,4.3160453
1954-09-01,7.2232823,15.982213,12.704925,5.677118,3.127479,19.819,9.352451,13.817659,9.96564
1954-10-01,43.39434,58.82399,31.832804,24.490608,63.246113,21.247406,50.913452,54.939148,17.38141
1954-11-01,188.85912,191.84854,111.29847,111.90407,184.26245,106.643036,124.17851,111.26763,113.129654
1954-12-01,69.33184,155.65567,94.050705,69.47068,54.768852,55.46175,94.7195,89.474915,54.696835
1955-01-01,228.17752,248.27628,175.738,180.06583,144.21938,171.67491,150.89124,171.81424,187.8976
1955-02-01,73.03872,78.38141,33.59676,37.19605,51.032173,46.844227,24.33439,51.839546,63.85899
1955-03-01,99.25208,117.387825,90.95742,71.85883,78.81272,71.83342,116.77605,83.29898,84.50551
1955-04-01,68.08457,56.25293,53.520172,61.456562,35.678986,50.94663,71.80186,42.167145,55.66193
1955-05-01,16.156425,44.307083,23.963392,25.314342,1.9971793,21.409985,6.8276973,0.37207106,14.372913
1955-06-01,7.55231,31.463268,2.2334845,4.7392697,4.673862,0.30055916,0.12751216,0.0,0.6761489
1955-07-01,0.21477385,10.818926,3.242426,1.1007904,0.025425848,0.0,3.439514,2.494662,0.0
1955-08-01,31.3974,52.169292,37.862877,26.426065,16.444607,14.224367,26.96745,29.034252,15.140902
1955-09-01,129.12917,144.65285,130.54988,123.4587,124.45596,95.49069,109.37127,87.587944,93.62918
1955-10-01,123.47562,137.19217,56.524273,65.00205,136.00801,47.75916,58.251274,97.55602,74.47577
1955-11-01,84.41815,70.74487,39.83951,53.65684,75.808624,62.84262,34.782204,67.33223,82.468925
1955-12-01,57.635094,55.284584,41.357494,36.802013,41.529938,39.784775,65.80103,47.27977,52.342003
1956-01-01,45.057888,55.401264,32.396286,35.36463,39.705784,34.709927,40.17239,44.18934,39.88321
1956-02-01,198.58128,177.97649,112.35106,134.21251,199.6282,158.43042,179.08113,203.60109,183.07265
1956-03-01,40.299835,100.58814,67.65137,64.799194,12.776572,32.952328,117.36885,81.48904,26.945402
1956-04-01,27.698988,35.162098,9.132547,11.885793,22.578892,10.162073,13.507444,11.870114,12.779214
1956-05-01,24.737438,25.197721,11.297374,18.758373,9.990104,11.637701,9.216869,9.687545,14.956556
1956-06-01,3.6799412,7.0764804,0.33358628,1.3048538,4.929795,0.57407516,0.06607276,0.0,2.8155978
1956-07-01,0.0,0.013396169,0.005906291,0.05239649,0.0,0.0,0.0,0.0,0.0
1956-08-01,0.027174598,0.61891776,0.7628243,0.7840594,0.03973939,0.0016299512,0.0,0.0,0.00702536
1956-09-01,68.1995,60.96833,68.96915,60.729298,90.661,93.093315,83.50261,87.27172,104.34413
1956-10-01,44.438335,41.54534,38.43138,36.319847,46.941864,48.67557,59.269146,85.533195,57.84349
1956-11-01,189.93533,168.72232,117.98488,125.41115,229.4584,145.63077,126.972626,160.24477,171.66606
1956-12-01,53.289654,74.32459,66.25812,49.15361,46.918438,50.36757,97.498924,120.21796,45.502357
1957-01-01,138.75366,158.40909,115.930725,119.81357,100.53309,125.631546,181.21481,155.87096,142.87231
1957-02-01,1.730056,9.731511,1.0311744,2.8926594,0.4856205,2.9846313,2.432831,0.48436674,2.0915308
1957-03-01,69.15907,86.25955,30.970549,31.7793,17.855247,52.922348,32.075928,32.480175,49.595867
1957-04-01,70.60628,83.70817,45.474163,49.57917,55.26984,41.51702,36.468407,25.45349,47.390316
1957-05-01,61.087376,52.825985,48.621178,46.955215,66.490715,66.45914,42.70301,23.284239,59.86782
1957-06-01,7.7138762,6.6685185,0.6432625,1.995492,15.954394,1.3286226,0.9262998,0.0,3.5838215
1957-07-01,0.6170697,1.8811932,0.95177764,5.382006,0.0,0.73714256,0.8270083,0.81230307,1.2028445
1957-08-01,18.382692,33.15064,19.635803,11.669558,13.858576,12.788031,13.549375,4.3351445,6.4915237
1957-09-01,51.751537,122.75066,66.97107,69.08505,32.937885,29.260677,58.406868,47.965946,26.141104
1957-10-01,136.27689,227.09326,262.91287,164.42458,155.66464,149.83778,346.75818,238.1307,169.25249
1957-11-01,101.196365,179.81674,200.17448,126.66681,97.436554,124.29981,239.45868,175.00879,102.345146
1957-12-01,113.627556,148.44815,107.160835,99.57693,135.43077,117.237274,92.13623,92.70333,124.343895
1958-01-01,93.8021,138.12189,90.85236,110.58343,101.72739,68.20478,72.204155,66.982765,78.9414
1958-02-01,50.3458,40.689693,27.232056,27.980938,33.832226,40.67271,33.205776,38.85922,41.67383
1958-03-01,100.3459,100.20316,46.389614,60.67487,57.65874,81.27266,55.2309,68.881874,92.554634
1958-04-01,68.05605,81.53943,37.887108,46.784016,56.878883,38.43331,20.934563,20.769056,47.005253
1958-05-01,27.346947,54.2339,25.214022,24.102419,20.123247,14.7175865,22.561518,35.03331,23.9139
1958-06-01,5.7387924,2.1650314,1.6537956,0.39137465,6.788041,1.0350972,8.513319,14.905529,1.0454664
1958-07-01,3.0371547,5.9118977,1.4107074,1.2664535,1.5273613,2.1998904,0.9516735,1.0158383,1.2357594
1958-08-01,2.0594237,1.9223162,2.0558581,5.519316,0.13076816,0.29613632,3.7231722,0.6447614,0.09547724
1958-09-01,13.656302,40.3163,24.872707,33.6755,1.1894265,17.515604,31.524149,10.768269,5.245901
1958-10-01,73.38894,78.48165,75.75398,33.119637,71.9194,36.812077,96.71982,82.08563,34.54135
1958-11-01,253.35963,402.699,319.71936,348.42462,315.8621,371.95822,321.0671,256.1497,358.64667
1958-12-01,135.81621,78.98827,104.66808,95.7726,135.32251,147.09097,101.17486,125.35582,178.55742
1959-01-01,63.38208,78.49003,40.237156,39.77864,43.983006,56.672176,54.496277,62.82868,64.93059
1959-02-01,12.882221,23.932388,25.667028,17.222433,37.62488,18.356737,42.082066,23.184887,30.51055
1959-03-01,89.5444,94.90583,70.30635,77.52001,70.39543,79.92731,31.913206,39.667583,83.168274
1959-04-01,145.49298,145.64275,100.52706,125.1803,122.91911,158.62267,116.26136,102.480354,156.9469
1959-05-01,27.722795,53.522354,51.73983,46.619328,7.429593,32.107044,78.35373,33.75451,16.387583
1959-06-01,7.8014226,25.615345,24.423292,23.253027,1.7677584,26.575481,17.375502,14.220113,16.252357
1959-07-01,21.535471,43.309395,18.739878,33.64143,5.3852954,19.406872,26.590607,14.19734,16.313807
1959-08-01,6.246019,33.69823,16.31045,7.2855673,7.0361075,1.83848,6.5539775,0.07255339,4.0807295
1959-09-01,25.124807,47.04765,50.207245,56.71303,36.79394,34.52791,33.919594,11.00789,19.15625
1959-10-01,121.06747,113.969345,94.35889,89.96416,127.92224,129.76645,97.7896,58.402523,143.12814
1959-11-01,86.86092,172.98029,89.5708,99.53003,62.47066,93.1861,120.055305,112.39674,99.362434
1959-12-01,103.474075,86.8662,36.201218,68.13098,80.0724,90.76821,44.220825,50.72532,111.98586
1960-01-01,139.19647,140.46698,92.8108,126.55454,80.72994,154.36005,94.63935,102.697754,141.59618
1960-02-01,53.274242,75.22791,73.494255,49.714066,47.19778,44.483185,68.45852,29.794086,58.95816
1960-03-01,114.51603,161.4567,94.16847,82.64203,80.96832,76.96852,120.90556,81.63455,83.133896
1960-04-01,87.79818,96.51436,54.79079,57.213047,69.04474,61.348022,59.243217,57.85797,77.1895
1960-05-01,47.44018,82.92959,52.19789,48.647682,17.740688,38.256657,48.636288,23.15067,24.133612
1960-06-01,17.660297,27.722528,19.903976,31.238861,5.7153697,8.470523,19.263361,10.725725,5.5360427
1960-07-01,3.491829,3.772398,0.7018897,0.15194578,0.40026897,0.0,0.16795899,0.0,0.016366841
1960-08-01,0.04049565,0.011442525,0.00387584,0.0,0.1478893,0.0,0.0,0.0,0.0
1960-09-01,19.112,57.45424,22.107973,18.961323,32.418064,11.131678,24.658373,20.803968,32.00241
1960-10-01,66.4062,56.91427,37.69953,40.83482,44.67915,48.546223,26.200785,13.6457405,47.212276
1960-11-01,57.872673,51.098656,25.963398,28.824663,36.238167,35.60113,18.233585,28.00803,38.240017
1960-12-01,160.10168,145.08301,130.27127,134.80902,121.40052,181.10498,151.42679,148.0129,177.09544
1961-01-01,163.17517,203.11308,89.94244,109.78774,123.70896,108.773506,97.555244,97.52419,136.59659
1961-02-01,30.790855,54.26855,13.476551,10.941097,13.266287,9.764946,13.885547,16.30871,14.222983
1961-03-01,33.79584,35.08749,24.207914,24.276875,11.62937,25.82067,47.689598,20.954018,29.47278
1961-04-01,37.66864,45.911297,20.836855,23.390783,9.699783,27.477814,25.568432,29.298874,23.932734
1961-05-01,10.441599,16.983711,4.3325295,6.616367,9.598088,2.722199,13.20419,0.6761517,1.1483305
1961-06-01,17.33923,21.324387,14.452463,19.159391,16.357586,14.098452,11.250315,11.203486,17.251905
1961-07-01,8.148085,20.430168,16.166397,20.800474,2.5567324,12.361441,13.84006,23.291607,19.170258
1961-08-01,2.1760323,9.809312,8.51711,12.4623375,2.1828134,3.075152,6.83342,1.5827594,1.5051242
1961-09-01,5.5529513,8.917133,22.836693,27.055046,3.763527,10.172019,38.888443,39.234077,15.923995
1961-10-01,61.67271,58.56569,21.298153,21.231722,85.3262,17.368206,20.437283,21.165123,50.900936
1961-11-01,147.74132,118.34832,55.51685,56.188713,111.29667,82.70552,68.35577,69.31521,127.23065
1961-12-01,100.99231,115.42223,57.83235,49.713833,80.58689,53.879963,53.445404,52.20465,73.99999
1962-01-01,70.38652,90.78454,26.376993,20.047834,44.015263,16.201777,38.0589,28.533144,21.659597
1962-02-01,67.2051,89.69246,39.620846,34.483032,39.536808,33.99933,45.127888,40.604656,32.576904
1962-03-01,108.74507,148.2983,88.9925,76.58508,72.07482,62.84566,101.15698,46.09367,83.70745
1962-04-01,35.742092,43.93159,24.602173,27.699884,40.51676,21.406813,18.458525,12.616944,20.371115
1962-05-01,1.996028,6.148052,1.3779128,1.4639835,0.17375061,1.8345937,0.09947076,0.022122152,1.5941923
1962-06-01,23.64838,28.872946,15.815036,22.268528,19.96924,15.254205,7.4869676,3.9476728,20.103676
1962-07-01,0.0047298796,3.184221,0.5217464,0.036951218,0.0,0.046059474,1.2699286,0.0,0.0
1962-08-01,1.2724836,2.3566768,4.4416423,3.1937494,0.10173423,0.65382516,5.608012,14.696201,0.74686277
1962-09-01,43.22108,47.729805,8.829662,13.920628,22.137573,9.260384,14.704466,21.718126,9.950908
1962-10-01,121.56383,161.1713,160.72006,139.4848,102.29256,133.69896,143.64015,119.47357,148.07404
1962-11-01,76.31005,111.15526,63.23578,52.14849,81.74228,63.62645,80.51197,67.19124,77.93212
1962-12-01,164.4563,131.64583,44.682804,72.92699,89.65769,80.16023,45.87543,50.2402,95.99826
1963-01-01,57.544235,104.53452,62.621845,44.62356,43.769894,46.457054,72.200615,39.87115,48.76711
1963-02-01,122.408844,109.98158,69.02298,86.75229,92.68864,114.21767,77.31907,68.91508,139.78
1963-03-01,74.62426,83.99881,46.380653,44.083817,50.33608,45.039547,46.283302,25.244263,51.75103
1963-04-01,62.375557,94.95507,55.247402,48.541016,53.3443,49.076668,57.68475,27.323578,53.483536
1963-05-01,74.11137,76.71941,54.3553,82.69181,53.970165,65.87692,55.717983,36.747753,47.897022
1963-06-01,23.916477,31.467499,23.309074,13.287565,25.459103,16.42887,21.230453,14.095436,14.303699
1963-07-01,39.012413,85.454956,69.13785,60.25563,27.716112,57.93083,83.46063,61.386562,18.466467
1963-08-01,38.76026,61.145584,28.12712,20.730913,43.53329,8.847104,10.168532,6.317612,5.234122
1963-09-01,53.435825,42.500088,47.18512,55.799896,67.23866,48.553383,56.26266,41.09326,50.131092
1963-10-01,102.07884,175.01761,71.07229,58.642162,80.96751,51.90126,81.936424,83.4189,61.76744
1963-11-01,52.611065,39.84483,21.339247,24.676912,59.555134,26.694832,16.888533,13.961843,42.368538
1963-12-01,99.54913,140.97136,105.480034,112.530815,112.543945,94.8055,99.030914,70.25877,106.6737
1964-01-01,87.234665,132.60793,129.39842,98.61098,74.2359,59.494556,191.194,90.85647,53.858368
1964-02-01,78.62301,101.94374,43.738983,43.872738,69.07847,50.657043,41.931282,31.498001,67.31764
1964-03-01,50.701828,87.879364,39.441254,42.86425,38.26341,37.755203,21.792938,26.627453,44.82463
1964-04-01,90.789825,84.065865,157.91605,107.71857,59.051304,56.951527,152.10405,79.07608,49.49448
1964-05-01,12.629382,30.030706,21.14474,12.13369,4.964789,13.387153,27.302252,17.119577,10.366924
1964-06-01,30.622305,73.59058,47.974068,57.990814,9.737922,36.602757,36.391476,18.878054,21.449202
1964-07-01,11.1238785,19.101547,6.6591773,12.645152,1.6381425,8.613505,17.24057,9.430352,3.9336946
1964-08-01,93.06003,70.740234,72.88026,95.19877,42.59169,93.089134,39.18712,65.024414,77.04565
1964-09-01,10.781215,53.760036,22.021694,16.801851,2.516576,3.8876398,15.5839205,3.208538,1.0662029
1964-10-01,82.99512,97.33262,46.435406,58.19313,102.67101,38.17663,47.761158,29.159052,60.268337
1964-11-01,54.802612,133.68509,78.7367,71.01519,46.0149,41.396168,33.171112,49.188786,37.93616
1964-12-01,173.39978,189.27386,155.78882,164.95963,132.10759,174.80692,179.2327,164.1477,193.49396
1965-01-01,153.96875,216.75516,126.58825,103.799614,107.72807,99.05557,143.65404,116.18487,124.08596
1965-02-01,91.007576,67.48968,31.570988,29.519754,91.90488,59.561543,72.76681,77.75297,80.19523
1965-03-01,37.26519,47.92521,28.43973,21.172836,42.61403,31.252695,29.602083,18.84314,32.372124
1965-04-01,33.69114,30.916595,15.768437,12.546496,44.477337,27.797642,21.89808,28.302103,39.121353
1965-05-01,5.827951,12.018045,5.460402,4.9022665,0.21928707,2.9529698,5.3709474,8.140944,2.2117293
1965-06-01,0.0018064539,1.2940811,0.3810414,0.15497923,0.012219107,0.0,0.14307202,0.0,0.0
1965-07-01,0.03847736,0.16053064,0.011880896,0.34257507,0.0,0.056777865,0.034544587,0.0,0.0013704997
1965-08-01,26.7735,20.07949,35.621136,23.587334,29.971159,20.112482,44.440693,46.848885,19.13804
1965-09-01,67.52948,67.5109,26.422577,22.855253,98.301765,15.83581,9.50265,6.644546,24.627485
1965-10-01,97.853745,164.78886,224.69951,130.52444,79.33108,97.47413,361.3566,195.75085,129.23347
1965-11-01,56.588856,51.43608,28.724392,37.63595,68.84067,58.460106,28.351809,34.242172,76.84318
1965-12-01,85.62384,97.92202,47.2458,46.902885,80.82512,58.265957,52.651566,56.30231,63.396458
1966-01-01,90.29019,148.74065,55.16212,64.42167,70.44228,72.266106,42.684116,48.025864,91.29494
1966-02-01,50.127033,34.30285,18.54791,23.455858,39.183743,36.86152,20.478792,35.026752,43.068825
1966-03-01,117.074715,124.66278,81.014854,72.171074,74.31317,59.09558,92.87566,68.662415,57.426483
1966-04-01,105.06477,127.62333,95.41133,78.571,94.30704,59.9153,73.54206,46.0517,52.09646
1966-05-01,93.67564,128.17636,122.46611,113.669365,74.81258,113.857346,94.27316,20.979467,86.01598
1966-06-01,5.6826153,10.524084,3.0643783,3.558205,5.3746433,4.268531,0.602499,0.0,2.7662256
1966-07-01,0.6970768,1.504965,1.5312463,1.3640227,0.1160678,0.2911142,0.0,0.0,0.094656065
1966-08-01,0.18086015,0.34399968,0.044830337,0.026625972,0.0040836134,0.0,0.56240416,0.5561387,0.0
1966-09-01,34.164825,41.044,33.33346,34.110676,33.526577,36.368275,43.560516,27.129524,27.33144
1966-10-01,98.56977,132.99896,138.50328,141.09885,90.5626,113.075714,127.46446,124.39531,127.09092
1966-11-01,113.58288,88.39832,64.93562,83.94748,140.00014,115.20969,69.34321,72.19119,108.328896
1966-12-01,92.647446,137.21024,22.203613,26.605152,68.31551,36.22238,29.631416,35.6288,49.931446
1967-01-01,75.754326,82.147766,43.84325,44.09815,54.345974,54.978355,50.308926,43.105984,66.6329
1967-02-01,101.179985,147.50026,126.283394,108.06587,106.13941,91.8534,138.28967,84.62991,99.615166
1967-03-01,44.363503,69.00685,22.023296,31.853388,22.244654,28.470608,28.163189,23.453209,23.223833
1967-04-01,48.221733,57.67367,21.770636,25.449568,44.87827,30.233107,24.489485,12.8216,30.976173
1967-05-01,18.348883,33.204113,22.11157,21.255095,14.166725,14.579724,13.179333,19.147549,10.6923685
1967-06-01,1.6827393,6.9072733,0.4476735,0.6320541,0.10198047,0.5309758,0.026749307,0.0,0.29667926
1967-07-01,6.552531,12.341737,14.28893,14.454361,1.6771911,12.229872,8.645723,1.5245214,9.828803
1967-08-01,15.35009,17.887537,19.435017,9.48694,4.6006293,8.702512,9.434672,7.221255,9.008388
1967-09-01,45.274185,55.628906,27.26821,26.693012,41.382748,28.697035,14.550453,15.158869,21.131115
1967-10-01,34.702034,24.229488,55.25392,23.41842,34.695793,29.6871,119.47238,51.68792,38.09039
1967-11-01,79.00606,103.930046,50.173298,61.456505,43.072983,57.327168,49.7983,45.425415,68.84549
1967-12-01,125.72596,127.78279,79.72224,67.91667,118.07947,77.69345,93.898796,100.84467,91.43821
1968-01-01,149.56877,149.89252,91.42278,83.30686,101.13946,88.58031,124.12346,110.84952,100.74428
1968-02-01,35.59748,86.041306,48.061855,49.550022,28.635302,32.507175,42.12719,29.360874,38.893738
1968-03-01,57.840565,51.89447,24.398531,34.857693,56.833923,35.811977,26.701302,19.07841,48.8737
1968-04-01,20.284655,16.336325,9.475849,14.058234,23.485804,19.364058,13.577519,17.511444,21.475134
1968-05-01,24.129015,28.058897,15.721935,12.378941,5.890612,11.88845,12.415492,6.6311507,16.55033
1968-06-01,56.051655,66.03667,30.146833,31.096127,66.90915,30.542688,41.75904,39.741608,42.71832
1968-07-01,0.31182596,0.06672154,0.8250233,2.7658746,0.0,0.26294956,4.736487,0.0,0.06870018
1968-08-01,4.6287045,14.176861,8.2623415,7.825852,1.2650627,1.6454797,0.26942232,0.71285844,0.94409865
1968-09-01,10.863007,23.717163,25.289047,24.35623,4.4663277,14.873589,29.009645,22.048359,6.759218
1968-10-01,35.69571,47.820164,20.052265,14.327359,19.698975,11.877894,52.222046,21.981138,14.514692
1968-11-01,96.84179,84.74279,38.558453,53.96459,110.37762,68.63153,34.209007,39.333042,85.488075
1968-12-01,163.99002,247.07127,105.70637,105.15918,156.01294,121.830376,135.30812,102.883514,141.76189
1969-01-01,100.57178,99.85327,61.817017,72.81963,81.51644,82.15247,62.620213,69.42776,84.8726
1969-02-01,79.676025,72.934074,46.168407,46.54903,80.08226,49.866776,49.95959,52.40059,64.56828
1969-03-01,127.77199,161.25923,107.679306,131.35275,108.55608,110.9515,117.36099,89.21319,118.067184
1969-04-01,36.08852,55.82832,26.93791,27.175282,37.307438,19.558344,15.484433,18.66047,19.087317
1969-05-01,17.15828,33.64639,21.56458,23.83984,8.862075,22.863907,14.447162,19.167658,16.238708
1969-06-01,8.21976,11.305823,4.041083,2.6864884,7.686844,2.1014876,0.6528396,0.0,6.7691545
1969-07-01,14.233789,18.071964,5.342927,10.007624,6.088858,4.0841756,8.220106,0.37642542,2.1925337
1969-08-01,11.219923,32.27695,20.576708,27.240572,3.651043,13.502535,19.169228,1.7273092,3.1396413
1969-09-01,104.89981,168.77904,201.04707,117.565414,98.73112,111.90519,267.35098,114.52405,89.217896
1969-10-01,70.17654,136.20804,126.931656,45.130295,67.41246,50.244354,149.66492,51.98592,77.680305
1969-11-01,44.195156,41.4085,28.207064,33.70139,47.53253,41.91434,46.290966,44.223244,55.433907
1969-12-01,213.10785,215.466,108.40559,133.4494,239.24841,151.87863,144.99191,170.26811,174.68684
1970-01-01,96.90867,83.95864,44.587864,47.81222,90.47575,71.62036,50.64634,58.251785,92.19081
1970-02-01,53.580532,68.50619,20.675177,20.641731,39.342045,27.473763,19.082333,26.699007,45.00707
1970-03-01,60.536034,69.37573,39.493298,50.26923,40.033592,50.879856,41.57231,45.489487,45.926388
1970-04-01,15.36483,20.438341,8.54078,5.554184,14.092872,10.041176,14.195917,13.916822,14.088296
1970-05-01,39.196426,46.75933,16.346155,15.585511,32.689926,13.998742,23.957264,12.57224,18.645634
1970-06-01,4.993351,6.2125525,3.7891593,3.96221,5.4184284,3.0582108,3.8732836,1.3684956,5.118873
1970-07-01,1.3776658,3.6714575,0.17654228,0.0021421327,1.5722903,0.022604868,0.0,0.0,0.008615593
1970-08-01,2.8007975,4.2985024,1.011015,1.3658993,0.07072587,0.43031916,0.04415756,0.0,0.35043287
1970-09-01,26.984877,48.40866,25.943466,27.54246,16.375017,16.201366,49.421295,32.276978,8.298917
1970-10-01,84.50542,104.22358,41.52166,51.797848,52.50706,90.411865,70.65656,54.821323,104.31854
1970-11-01,15.309749,22.662985,4.636288,5.4312367,11.864516,5.309859,9.0601225,7.667042,6.1993365
1970-12-01,48.617508,106.55788,99.13407,67.46955,33.791832,57.053112,122.70494,98.96131,49.035095
1971-01-01,107.032875,98.673416,81.90504,85.62793,111.08141,96.60641,83.09519,107.34217,127.11185
1971-02-01,127.351074,141.03465,71.172226,59.069885,83.52029,60.30957,117.57989,107.25088,70.61351
1971-03-01,89.8006,106.37065,64.88961,60.434044,60.02665,70.606995,58.80889,58.39207,85.36772
1971-04-01,61.76854,58.360897,31.794289,32.761497,44.930885,39.83798,22.723406,20.26495,48.331604
1971-05-01,11.984012,22.088142,22.513868,12.845604,14.587417,8.097544,25.539377,23.24549,6.297463
1971-06-01,4.5321736,8.449819,3.6122105,2.204435,3.6794362,1.2264395,0.95627624,0.0,1.1507808
1971-07-01,2.5391262,18.350763,2.7374978,3.9050045,0.9637991,2.0227578,2.4905381,1.6812431,1.9208771
1971-08-01,0.04488564,3.392006,7.32279,1.3984565,0.07860435,0.0,0.41604197,0.0,0.0
1971-09-01,58.237324,126.66947,63.54055,104.846985,42.556366,146.85359,70.762405,86.76894,94.90598
1971-10-01,77.727425,111.340706,115.71046,85.8203,72.05599,52.125237,133.63786,77.89864,62.3534
1971-11-01,85.129166,113.0645,65.55326,91.25374,67.95509,56.45229,54.913902,49.62402,65.327354
1971-12-01,92.12208,77.04263,63.487846,66.048744,58.485172,67.9478,62.700657,33.7711,88.903786
1972-01-01,96.68444,105.151245,88.05414,85.560005,122.546,119.51118,90.353645,116.2963,138.75433
1972-02-01,119.25389,129.79768,73.736244,88.434555,90.13473,97.76531,61.008263,64.0071,107.79774
1972-03-01,52.084866,66.40364,49.928726,36.817814,30.534441,34.716915,76.02281,29.647415,37.602657
1972-04-01,50.429848,80.36457,55.776085,40.516262,46.091034,26.053762,30.175777,19.705431,25.350266
1972-05-01,39.3243,33.5255,28.741701,34.061825,41.874687,29.216356,19.902,11.808861,40.815125
1972-06-01,1.0650715,7.230254,1.43012,16.843193,0.14935148,2.4478385,0.20572594,0.0,0.8963208
1972-07-01,16.933144,32.46237,20.965424,13.255489,7.4230514,3.55052,8.799089,1.0241319,6.3612447
1972-08-01,9.998088,25.848106,5.774633,9.608907,6.3479753,2.7749202,4.1338496,1.5685661,3.2495623
1972-09-01,34.98743,45.167213,23.3969,21.728434,49.06316,10.025732,19.891819,10.82938,15.758026
1972-10-01,114.98105,126.678185,130.02904,125.188545,106.37972,185.25523,168.86748,95.662445,156.32591
1972-11-01,7.988094,8.2242365,0.2820732,1.8459533,2.7714317,0.78211534,0.40196553,0.0,1.1694776
1972-12-01,110.58893,396.24283,275.33878,219.6749,102.74434,151.0046,267.60553,126.108574,123.82677
1973-01-01,156.9884,310.95416,254.1271,253.51584,89.6746,187.7974,249.07933,198.29857,103.432755
1973-02-01,116.61449,173.91869,116.08025,107.77222,79.1447,89.96303,108.889114,113.89401,87.541794
1973-03-01,128.98903,184.16695,140.57503,120.03541,82.7798,104.48426,112.967476,67.941864,103.35618
1973-04-01,43.56507,58.14063,29.703856,40.218464,21.903845,36.734222,29.027216,13.965005,35.109844
1973-05-01,14.574206,19.937403,10.809828,13.21335,3.0646455,9.68353,6.480681,7.101571,9.623719
1973-06-01,0.11484157,0.95863634,1.578788,0.054121107,0.059289712,0.0,1.2369072,0.0,0.12418293
1973-07-01,34.124775,48.91929,29.729208,25.683084,20.847115,12.6606,4.9471684,2.958025,13.947991
1973-08-01,11.374662,23.194197,21.255636,14.271851,13.509186,6.597963,24.710781,13.646644,7.6718507
1973-09-01,44.993603,62.426247,17.797937,14.812933,62.466866,10.940775,19.353992,11.601574,18.560837
1973-10-01,95.92384,140.20296,73.50689,88.51089,70.146255,64.23754,59.031452,43.750885,54.686012
1973-11-01,31.01648,31.384201,11.145371,10.505427,35.662422,19.73986,12.118651,14.978712,21.737562
1973-12-01,98.27498,157.33083,135.8188,126.43177,94.03256,89.114944,140.366,105.35128,78.63605
1974-01-01,31.87722,32.268955,28.50353,34.043694,32.317932,44.566296,23.58558,25.54602,48.205948
1974-02-01,140.72089,156.63802,101.930016,98.53255,93.33411,87.66707,90.515854,71.21843,95.70423
1974-03-01,33.017223,69.6637,38.849537,32.42274,28.100931,31.628561,34.408268,38.756474,40.44661
1974-04-01,123.23905,100.99396,73.07764,92.182915,78.96332,85.32255,68.56706,46.309795,85.508286
1974-05-01,25.30042,21.76757,7.3921256,13.532394,26.542654,12.152258,4.547141,7.689772,15.794522
1974-06-01,9.341441,8.971058,0.6405767,4.750759,1.294288,1.8576779,1.475902,5.3681374,2.060744
1974-07-01,3.6131687,8.864822,1.8347377,0.08217984,1.7398967,0.0,0.12685305,0.0,0.0
1974-08-01,10.680819,14.796956,10.171034,5.2558646,2.2303348,8.460651,8.178128,0.9088438,6.1034184
1974-09-01,70.97391,45.63576,38.116558,48.951935,62.46596,54.101788,50.493965,54.461853,70.40991
1974-10-01,85.03941,102.228676,70.46603,77.25945,87.21833,73.27644,84.51227,78.47148,111.8301
1974-11-01,82.105255,130.6818,58.49615,78.14096,57.41874,81.94884,63.44013,43.887558,73.54057
1974-12-01,39.377464,65.296,12.330192,18.257399,42.545383,15.192059,7.419529,17.623684,29.345385
1975-01-01,24.05176,53.805954,15.725678,15.571903,13.838753,18.634266,19.19861,9.215892,22.57733
1975-02-01,76.67556,129.50926,106.91956,93.075294,70.92433,66.32419,146.24443,84.39999,77.63069
1975-03-01,71.10958,87.25738,58.807884,56.495255,64.498276,57.03876,54.99344,58.765953,62.150116
1975-04-01,35.243034,26.860672,13.175328,15.405364,29.707085,19.452175,12.139072,8.774694,26.352406
1975-05-01,46.78737,59.027756,36.26993,31.861973,41.306633,26.022467,33.110226,27.591408,30.4028
1975-06-01,11.193998,42.800224,5.054677,5.714656,2.0816827,5.47928,3.7665803,0.19949488,5.55389
1975-07-01,0.046048466,0.42918414,0.09449205,0.0011532765,0.0,0.0,0.0,0.063384,0.0
1975-08-01,62.2598,53.07711,82.26414,58.782146,56.979633,70.53075,86.899216,115.931786,78.55625
1975-09-01,18.255177,21.764233,13.202796,21.8795,18.43746,11.815749,16.572912,14.761448,10.205599
1975-10-01,68.44036,70.300186,62.93049,58.83667,66.9353,54.737595,93.25558,55.024544,54.154957
1975-11-01,90.50629,110.85676,97.13733,42.27831,69.373566,45.781586,152.33965,129.04976,55.91914
1975-12-01,81.409874,80.5801,46.45522,48.56743,84.937004,45.007313,77.17609,42.84753,49.204456
1976-01-01,88.84517,91.598465,52.22137,39.098633,68.14411,52.259846,68.96742,43.201134,45.641815
1976-02-01,155.74446,146.85278,136.53853,119.25437,142.45723,111.759056,126.5316,94.82607,126.99338
1976-03-01,96.336716,107.37217,97.46778,74.34857,77.83574,59.347443,99.04728,70.159325,92.73002
1976-04-01,26.045444,52.84784,16.42374,12.110445,26.275858,14.687089,14.981227,11.772195,17.667187
1976-05-01,53.07916,53.219364,35.143272,42.589684,53.059658,51.748535,27.75042,21.494766,63.856285
1976-06-01,47.447826,49.478565,38.332382,65.64786,29.974758,22.01695,33.708054,31.072464,15.910045
1976-07-01,33.835274,56.821865,22.33288,33.500107,10.765554,22.348358,25.223038,0.5657643,7.467146
1976-08-01,32.935143,48.895256,59.031105,53.369743,13.439055,30.99385,31.033962,20.823738,35.285645
1976-09-01,14.995591,15.922897,29.16761,34.488636,11.735289,30.285015,22.367304,15.275464,34.901237
1976-10-01,177.23016,232.79916,203.46458,215.7779,180.00438,231.55629,223.81175,177.6387,252.47057
1976-11-01,227.09142,208.83615,163.14566,164.54594,291.75952,155.52377,161.7721,158.81087,207.39967
1976-12-01,157.80779,244.10168,152.16199,171.86961,100.39984,172.29657,119.31385,142.95428,178.46448
1977-01-01,74.40272,111.4586,83.30128,79.17506,45.92789,76.87529,145.07515,110.07806,58.75687
1977-02-01,16.349907,37.136127,21.139784,18.94349,10.977575,17.375568,19.136694,24.613209,16.964529
1977-03-01,15.26043,26.583189,6.700107,6.521333,11.990179,6.758712,2.2673461,1.9200288,11.450021
1977-04-01,86.87887,100.36299,54.68533,57.64654,59.046776,55.87796,40.586327,45.263264,54.651802
1977-05-01,9.287866,18.297342,7.505431,10.592267,6.8093996,9.325375,2.286132,3.1721053,8.962532
1977-06-01,13.115434,31.904621,5.8426094,9.22898,13.385242,6.167114,5.2975,1.101293,10.105156
1977-07-01,0.04917081,0.04957643,0.0011261988,0.0,0.10634621,0.0,0.0,0.0,0.054393698
1977-08-01,3.014088,1.6000185,0.81268,0.74906445,4.07447,0.90175986,1.0897309,1.1875817,1.4975827
1977-09-01,35.37906,53.542023,40.591488,41.675545,17.665474,33.857635,42.503986,24.532116,36.872562
1977-10-01,12.261385,13.520205,13.825735,15.304535,17.305794,8.276443,14.4789,11.456002,11.479306
1977-11-01,69.369835,77.30358,23.432533,35.588375,59.662716,49.863457,29.84139,35.697445,65.20107
1977-12-01,47.54691,72.47867,23.123827,21.884579,29.85929,26.774153,35.892143,21.27764,34.63532
1978-01-01,152.51532,144.36792,98.53478,111.244896,127.44023,131.04216,129.09955,147.56805,168.51793
1978-02-01,97.032646,117.9238,32.507843,54.083176,69.54604,51.790627,19.132824,28.122843,66.29305
1978-03-01,50.31485,86.29588,35.51559,28.03227,35.08013,22.965456,22.824135,26.440151,31.643805
1978-04-01,128.27171,159.0182,108.838264,115.50927,102.99308,100.222916,84.528366,81.77447,117.5653
1978-05-01,39.81622,42.056126,32.03579,30.228464,37.96794,28.437412,26.960299,25.339233,27.209965
1978-06-01,3.4355083,9.962522,16.472034,14.326434,0.5784859,3.3981588,8.894427,2.316111,4.061378
1978-07-01,0.5380901,0.36601725,0.0,0.45428002,0.0,0.42945102,0.0,0.0,1.6117977
1978-08-01,11.4437475,12.604108,12.366842,21.319265,3.8382025,6.374246,21.493086,1.5999465,2.5993056
1978-09-01,32.53199,40.99107,18.083065,12.339689,21.192846,11.703337,13.237322,6.3231773,13.781185
1978-10-01,132.31209,174.47676,92.835396,120.48386,170.25375,113.78177,133.60387,72.884796,133.15143
1978-11-01,77.49055,56.02335,74.0735,65.71372,70.72462,72.25327,103.69972,90.56339,85.730446
1978-12-01,65.438934,52.93611,29.987112,27.487171,83.25612,35.21088,43.87161,64.24424,71.05855
1979-01-01,109.0018,110.594215,57.6387,72.19482,81.69815,64.844086,50.45499,39.245686,81.20313
1979-02-01,101.81229,122.31319,89.236786,77.78633,116.970085,67.04651,101.64879,99.89279,86.24843
1979-03-01,65.89253,57.136295,42.434135,49.863884,48.24675,57.80501,30.613878,38.851105,61.74356
1979-04-01,99.64435,94.73659,70.69445,72.26595,63.757095,55.450397,83.34329,50.88608,55.2944
1979-05-01,6.9061513,20.090881,15.502893,13.444306,0.44001845,7.2224035,12.095971,8.328808,2.1583269
1979-06-01,9.415747,18.578917,3.7529993,7.2415843,5.036119,4.4456334,4.0206237,3.4937582,4.3992767
1979-07-01,0.0,1.1398783,0.6698527,0.25275585,0.0,0.0,0.8644402,0.16738059,0.030270524
1979-08-01,6.8893313,24.857464,13.191999,21.029547,11.625985,16.521925,9.354837,25.227749,7.415032
1979-09-01,41.923206,33.0693,48.078083,37.04309,71.05744,21.107157,79.190926,55.90423,51.924755
1979-10-01,121.918884,139.80185,131.53438,97.55346,111.98025,85.26571,127.70022,99.36472,114.72516
1979-11-01,87.34872,126.29889,73.24864,86.260864,66.55731,99.08581,85.85768,96.12766,89.59893
1979-12-01,56.998016,105.61873,26.963593,31.74204,31.604612,25.419596,14.105393,14.127926,39.221714
1980-01-01,61.537834,125.82027,56.78024,48.932114,45.856064,45.52532,56.727203,40.039383,57.849304
1980-02-01,41.309032,56.55113,43.033195,32.800762,29.7483,29.646328,81.36828,55.7105,27.72943
1980-03-01,133.04305,155.40172,90.08468,114.39536,81.52367,82.20552,82.26577,75.995575,97.61871
1980-04-01,56.41399,58.45086,29.704834,31.37845,56.66359,35.363407,40.223324,27.847662,46.432877
1980-05-01,47.66526,86.72016,32.360107,35.428898,32.188934,33.456326,26.96489,29.25673,34.53336
1980-06-01,7.853226,12.997259,1.1580353,1.6757843,6.2025194,1.8327405,0.048790492,0.0,3.5810676
1980-07-01,0.025128577,0.047432646,0.0,0.0,0.0,0.0,0.0,0.0,0.0
1980-08-01,10.053531,37.07502,5.912876,3.456086,2.341896,0.58071834,1.6228837,0.0,0.7922165
1980-09-01,10.718065,18.47361,25.221834,21.861439,7.5568166,11.552653,39.2914,34.745605,20.694721
1980-10-01,66.93381,82.51492,39.46199,51.463543,63.23162,29.865452,35.35509,27.96922,32.379654
1980-11-01,62.63294,51.578842,49.923985,78.46607,45.88302,82.2233,43.32925,46.403248,71.005424
1980-12-01,94.518234,157.18721,91.36155,75.19652,80.50746,62.13836,110.07416,95.13342,75.25994
1981-01-01,172.90285,181.26134,56.168976,67.82376,107.44487,77.0958,77.90825,70.59037,99.672714
1981-02-01,90.70228,128.30627,62.57961,55.66502,60.619236,54.876965,59.27019,55.90697,79.8672
1981-03-01,19.51032,17.394218,2.72756,3.4231493,20.572405,5.3278427,0.5767236,1.8302644,10.170264
1981-04-01,17.706196,27.646326,11.060297,13.761739,19.181305,18.237986,3.6187932,11.566534,15.434452
1981-05-01,20.731136,17.582163,6.5475407,9.333597,15.691435,7.2161703,1.6010438,1.2258123,10.896184
1981-06-01,4.146888,4.7659206,0.43171772,0.8607184,4.878195,1.679853,0.0,0.0,2.2419329
1981-07-01,1.0927956,9.617392,1.3198507,0.6167939,0.033835497,0.42480016,0.81148356,0.0,0.45253557
1981-08-01,15.402194,54.288597,14.053836,13.533925,1.8501855,9.727124,10.738228,3.5414863,11.140845
1981-09-01,15.657185,28.725853,25.024048,23.861189,11.456776,13.551795,40.00309,15.859754,11.727779
1981-10-01,36.59482,34.131462,14.643026,17.988497,17.381916,15.81989,14.338484,11.207999,17.564299
1981-11-01,57.69763,85.42957,31.204618,19.806444,29.48562,24.34094,33.043724,30.576397,21.976875
1981-12-01,100.22009,77.485115,59.140694,68.69869,76.541435,71.97023,65.24015,59.50902,89.98927
1982-01-01,45.348225,79.38649,105.48097,50.67858,26.450047,30.950737,208.9438,78.60408,26.522911
1982-02-01,83.8246,118.707054,96.88474,84.47746,71.58549,73.30251,112.04786,88.60546,80.42439
1982-03-01,125.91439,136.17154,50.4634,66.88606,67.73123,64.23447,58.374287,36.968464,65.61048
1982-04-01,93.420456,101.30613,77.103874,86.541985,89.741714,87.166855,93.46431,69.43027,74.45649
1982-05-01,20.558718,14.923681,16.833979,17.181768,17.486567,20.831553,16.121264,23.452955,25.825193
1982-06-01,7.37325,18.155252,6.767419,8.489295,2.133314,4.471556,3.1637833,2.4444392,4.803854
1982-07-01,3.491656,9.557373,8.350421,10.705347,0.6186209,2.5735404,3.0903742,1.8612064,1.6253779
1982-08-01,5.5921,16.189375,6.3017716,1.4232821,0.22208837,0.62479585,5.8807635,0.0,0.34330964
1982-09-01,37.147556,61.34801,51.246147,34.00177,28.378448,31.040264,45.789448,24.629202,26.2375
1982-10-01,92.38053,162.7674,126.412895,116.3697,84.8122,92.19075,149.09082,89.25083,98.46748
1982-11-01,110.36049,103.21175,103.64325,97.11106,136.31834,133.0494,143.27748,170.18791,135.27484
1982-12-01,127.21776,104.12406,73.80559,72.889595,117.86271,99.25429,96.9994,116.493454,118.935524
1983-01-01,24.79396,68.42588,17.633862,11.762225,19.341166,4.99553,4.8678365,5.7722783,14.247919
1983-02-01,57.807007,80.783745,31.40661,36.44502,35.728485,39.843956,26.85982,32.22834,41.2585
1983-03-01,81.811104,67.05691,26.89949,37.25281,77.837814,50.240276,33.746365,43.015686,69.86861
1983-04-01,4.550579,23.319939,5.221154,5.354678,3.6354666,2.5202875,8.298588,0.93708456,1.5084813
1983-05-01,20.433813,23.746246,11.911592,21.548351,12.321339,19.527107,3.8189104,1.215444,20.281414
1983-06-01,4.2205925,11.955507,4.3172793,6.4067717,0.80767834,2.2138638,2.9218745,0.6518376,1.8122447
1983-07-01,3.7627523,10.9521885,15.686602,11.296618,1.2364466,0.387136,22.040197,15.066541,0.66496086
1983-08-01,16.007109,48.313183,12.415724,14.46218,26.209723,7.4288406,7.8533425,0.24413732,11.83931
1983-09-01,78.44855,86.54148,77.17846,64.819466,70.70851,58.95255,68.64648,77.37481,43.383728
1983-10-01,63.35931,69.6356,58.66025,46.549065,75.11886,47.44632,90.570244,37.3692,29.39507
1983-11-01,116.60094,182.31224,110.70362,104.45418,80.46974,91.628006,153.80331,81.35123,127.65633
1983-12-01,159.54799,179.33917,76.82788,92.94399,119.47111,80.114075,76.470375,83.484375,86.381325
1984-01-01,48.341785,66.60235,20.119396,23.428246,34.601128,20.16781,14.18777,21.568579,25.836077
1984-02-01,89.62249,93.751366,50.056694,51.488293,80.66162,50.723896,59.479717,46.309868,64.58941
1984-03-01,63.506298,82.270706,39.24757,46.505882,66.21471,41.345783,37.25138,33.805744,56.589546
1984-04-01,37.84184,101.53146,42.99495,42.879498,20.292568,33.86324,32.95401,26.143013,30.10945
1984-05-01,14.502255,8.551181,7.5239463,10.198227,11.77401,6.097231,0.7087123,0.007158994,7.71201
1984-06-01,2.3892963,2.298833,0.017711958,0.07746866,3.7501416,0.0,0.28277856,0.0,0.15577382
1984-07-01,0.017471863,1.8914607,0.020107731,0.27282834,0.0,0.0,0.10396721,0.0,0.0
1984-08-01,8.332365,23.970926,10.925418,4.9904065,10.31635,6.680519,20.898634,1.5707148,3.9553447
1984-09-01,45.627674,25.817116,34.195827,35.267593,55.439102,51.84644,50.12024,56.774155,53.68029
1984-10-01,42.35338,61.71264,55.026855,49.438435,47.031998,30.09005,53.542732,34.2158,23.761017
1984-11-01,91.664764,165.11366,93.01885,125.664604,52.549507,120.41142,60.33668,60.325733,69.92211
1984-12-01,97.46873,171.128,212.88315,189.38126,66.99251,160.48749,222.26085,198.46083,111.136086
1985-01-01,150.95097,263.11774,248.80794,176.49054,110.19845,153.0692,300.18964,221.9177,135.00665
1985-02-01,61.049904,84.11086,35.49069,24.980904,56.576385,41.330547,37.100727,37.84943,59.73571
1985-03-01,118.03476,146.06004,74.60236,67.58919,119.992615,80.867355,59.249027,61.08455,113.07288
1985-04-01,102.168,87.192986,60.086456,62.16246,52.03662,66.25724,53.466465,61.906895,47.875126
1985-05-01,24.974756,41.620773,26.605492,34.925205,24.6646,18.305038,16.400087,15.260389,18.151127
1985-06-01,0.41385216,1.5107627,0.049899876,0.27887776,0.10396312,0.2569916,0.21852502,0.48138314,0.880603
1985-07-01,0.50620705,4.1949534,3.6936917,2.8262782,0.0,0.25236747,12.807602,3.4495533,0.50469726
1985-08-01,0.38903585,1.7757814,0.008638418,0.08688564,0.009591834,0.01780895,0.6495743,0.0,0.00148416
1985-09-01,25.041897,32.070084,30.635784,37.6123,31.624903,68.85728,40.34039,22.924812,58.964024
1985-10-01,68.62104,121.75696,63.983986,63.10728,56.9089,62.04672,95.06283,75.87786,84.88466
1985-11-01,58.3753,49.151947,27.035948,25.842031,60.29753,44.70155,22.099298,25.006134,53.80752
1985-12-01,10.885146,22.86729,22.494745,10.985409,15.304652,5.829173,25.29478,14.894967,9.9614935
1986-01-01,104.19907,129.96089,44.259098,59.392456,70.826195,66.878456,42.20626,47.0677,90.38742
1986-02-01,118.290985,101.69551,54.55793,55.829315,89.920815,84.274635,65.42815,67.60621,103.70975
1986-03-01,97.148254,214.9975,107.767586,86.319,80.88594,70.67644,108.07577,70.522514,75.15422
1986-04-01,22.472994,18.587357,5.7103376,5.1844273,29.25277,9.208405,1.7366197,3.947265,20.833364
1986-05-01,11.621619,25.747116,7.504219,18.63659,5.4594297,33.010124,8.353979,20.05596,16.547056
1986-06-01,8.924799,20.417246,10.416757,16.59954,4.9546633,8.732511,1.2147744,0.56930524,5.886267
1986-07-01,8.258708,16.879583,7.3437424,6.405308,10.190838,8.392535,1.830465,1.4134318,9.240453
1986-08-01,3.175683,4.685936,6.9657016,10.460645,0.047352422,5.2480702,15.9,2.009156,0.95867205
1986-09-01,34.539524,63.682526,57.208557,54.59878,8.019718,37.38671,64.89904,65.41895,13.613948
1986-10-01,107.1553,119.56413,105.203255,99.93935,81.50377,86.6456,127.97819,112.84157,94.458
1986-11-01,60.965714,118.5375,156.18498,82.81312,67.540215,67.41966,222.31,146.8711,77.01992
1986-12-01,73.83862,93.79333,64.377556,55.693268,71.175575,40.22898,114.17157,62.95628,52.261242
1987-01-01,79.52287,92.396706,39.285797,72.34273,67.11623,61.173492,35.30207,37.871746,61.91556
1987-02-01,111.99275,166.44888,44.14925,50.510418,66.9032,41.473816,38.980766,42.733402,54.94573
1987-03-01,65.88498,109.1869,60.4464,52.475613,45.26857,54.717545,62.12577,64.58792,48.54253
1987-04-01,16.1482,21.222298,13.660855,8.770116,15.871666,10.140524,19.351309,20.853403,8.322843
1987-05-01,62.46285,57.50371,34.5895,55.73082,38.118183,48.71802,22.62856,15.201005,42.445824
1987-06-01,6.468539,13.894073,4.32441,9.438057,2.7750914,9.13279,1.9488454,7.6087675,6.546993
1987-07-01,3.4732316,6.6218677,11.766715,35.425358,3.9094386,9.757049,11.045117,12.701113,1.2103492
1987-08-01,0.914045,3.3970485,2.2079325,7.3536067,0.0028997227,0.7434199,6.390984,0.019111484,0.070785016
1987-09-01,23.500378,36.4093,25.783695,15.393409,2.7687416,31.908209,30.784632,3.389916,25.807484
1987-10-01,57.71728,87.65511,24.435383,32.748703,34.23519,38.70201,14.857949,19.438417,45.471672
1987-11-01,158.73329,156.33159,52.67607,68.95277,101.76551,54.02449,26.079403,16.243858,78.52026
1987-12-01,48.752464,85.80639,32.25085,35.326576,44.183617,31.60998,24.214722,40.201405,35.917
1988-01-01,98.317345,168.09888,53.941612,54.756844,51.437943,49.103786,76.18185,65.098335,56.11864
1988-02-01,78.380295,98.74258,43.974,55.006004,48.82403,51.38042,35.204674,54.33859,63.11326
1988-03-01,131.09332,179.78586,92.309906,107.58143,60.624863,79.85647,56.697826,36.203857,78.84626
1988-04-01,48.993584,53.56607,19.27953,23.537703,34.067566,29.559948,16.743254,12.997351,41.965256
1988-05-01,11.4764,17.852678,4.44993,5.803233,2.7168994,0.814467,0.00969752,0.0,0.525658
1988-06-01,9.908576,15.40979,7.7608852,8.891041,8.783185,7.878722,1.6270993,2.1545448,7.7421613
1988-07-01,0.012185214,0.3977398,0.009645084,0.13991301,0.0,0.009595365,0.0,0.0,0.03318907
1988-08-01,18.262527,28.211739,18.104605,19.188967,2.068929,1.9926056,12.85189,8.424139,3.6381097
1988-09-01,93.798965,86.96835,54.037376,70.507576,93.640526,61.488106,49.159782,54.47907,77.80715
1988-10-01,17.746906,49.87061,16.667068,12.053858,22.183172,6.1122794,16.264912,9.496345,14.997358
1988-11-01,84.630615,119.01393,87.635124,72.470634,73.218445,80.19528,83.21686,54.68425,72.31348
1988-12-01,105.00365,130.73065,75.02712,132.61345,58.903927,124.751076,105.65317,58.855034,92.28814
1989-01-01,16.66433,83.1687,56.924572,18.32747,29.851875,13.699396,97.94187,53.006283,24.988619
1989-02-01,40.12226,26.71903,41.486393,24.235857,22.158918,34.244232,93.36616,38.35862,30.867304
1989-03-01,22.125214,38.235794,29.807177,16.3813,17.73642,19.44515,32.037727,21.177917,20.007095
1989-04-01,72.95307,62.048134,21.079786,44.41811,82.807465,48.421734,18.580906,23.977169,64.54719
1989-05-01,23.41207,38.16031,11.8213005,9.233543,22.87474,13.37039,13.100436,17.424034,11.613671
1989-06-01,9.928118,19.344055,15.672017,6.943907,3.2895427,3.6726513,6.7677026,3.9853683,2.0256107
1989-07-01,5.1023254,28.678106,13.094488,8.026802,0.057955526,1.1659998,4.0264616,0.3398283,1.0977628
1989-08-01,8.738387,19.962439,19.268488,32.37697,0.5475091,14.890027,24.1053,5.8009744,6.809339
1989-09-01,36.179577,44.290432,29.387491,25.254503,66.22988,23.09754,34.211113,26.611277,34.796543
1989-10-01,78.908295,67.11582,56.211853,67.34784,55.691715,103.12956,71.84606,73.35597,149.53584
1989-11-01,54.01805,62.91748,58.0942,52.429356,55.020893,64.00277,83.682465,40.685654,80.00921
1989-12-01,60.592537,93.93335,90.613976,47.31354,61.21359,44.48246,197.23282,61.104904,61.49228
1990-01-01,52.48361,93.91927,99.706406,46.755234,58.362766,55.58004,161.11116,80.06516,49.563084
1990-02-01,16.94167,63.456444,14.429087,10.266775,18.17324,17.50638,16.181263,29.891125,21.935503
1990-03-01,26.17606,24.016047,5.290951,5.4526067,20.285374,21.649956,4.430192,8.768693,33.42661
1990-04-01,99.29758,110.67411,59.692467,77.52629,90.71422,78.91772,58.71868,61.767155,86.2581
1990-05-01,50.813095,44.508873,47.729942,56.55605,21.788862,44.16052,47.48735,28.416393,35.8918
1990-06-01,1.7092015,3.8998747,2.6932125,2.1262133,0.51113445,0.51744294,1.2091805,1.2676126,0.5141157
1990-07-01,4.375939,25.653868,10.355853,16.406967,3.6605303,16.591501,2.5436618,7.074236,4.3737874
1990-08-01,30.854654,55.04861,49.99728,70.90742,13.686021,14.093912,40.23586,2.817356,5.2770042
1990-09-01,25.171389,19.489302,27.863005,26.93841,41.52804,39.412395,32.080906,44.57987,21.64059
1990-10-01,70.06299,80.84406,64.18123,84.98397,87.61665,106.54608,35.95375,65.38296,155.10162
1990-11-01,53.527634,96.2862,69.64817,30.639341,41.63222,24.868221,127.70211,30.208809,28.270142
1990-12-01,148.59763,126.87969,109.367294,104.204155,130.2147,134.9275,176.13338,146.17403,153.56082
1991-01-01,61.79569,114.424255,94.157776,77.90467,37.91174,62.732693,109.31314,88.64717,52.82786
1991-02-01,108.418976,116.59963,64.28708,76.213005,86.780266,73.50947,64.568344,50.77686,88.92097
1991-03-01,55.710533,81.79906,46.310146,25.90425,30.956064,15.628322,64.6554,12.785491,20.409807
1991-04-01,79.44594,62.205956,40.097374,43.36485,52.839214,55.904144,40.29007,34.426113,75.04761
1991-05-01,29.770407,30.819262,13.489015,24.950626,10.397454,21.733053,13.031298,13.220946,11.069508
1991-06-01,12.895036,13.253487,11.777147,14.3667145,6.571098,13.234029,2.6800408,0.43456367,10.323493
1991-07-01,1.981936,9.533966,1.0870168,0.49556795,0.0034291425,0.08854566,0.15855761,0.0,0.10452418
1991-08-01,2.5868804,19.020435,11.340304,14.985699,0.058926396,0.8366663,17.522732,5.889277,1.2048329
1991-09-01,62.88113,61.01135,80.6694,49.600533,53.199932,52.88229,58.600895,36.654533,66.258484
1991-10-01,96.83228,128.00114,94.892044,184.64243,113.98442,135.9763,87.171234,112.890335,94.91129
1991-11-01,58.621365,60.94474,40.79608,44.022083,61.54621,46.253345,46.569973,38.5393,49.291775
1991-12-01,94.66798,153.64377,103.8299,69.781235,50.63833,69.7596,156.84947,109.10693,75.08993
1992-01-01,100.4487,189.70557,222.08958,179.23615,101.566055,122.36996,315.8735,224.40042,117.26254
1992-02-01,11.40827,27.288458,19.365557,11.406284,7.3770237,7.9026985,29.412472,20.080397,8.794655
1992-03-01,35.3058,41.576862,31.909924,24.887526,25.286217,34.799503,29.309801,30.582056,43.33464
1992-04-01,98.791115,88.661415,31.241505,56.75501,69.50364,53.04355,21.867203,14.69758,70.14748
1992-05-01,67.54442,96.86235,65.8453,60.396896,48.670837,50.25121,68.08811,28.54001,54.732597
1992-06-01,24.628782,43.795307,26.6876,16.238684,4.5062194,10.2313175,27.473906,11.016014,8.047184
1992-07-01,6.6884265,12.680733,16.236181,12.981914,15.725406,14.456034,14.734321,18.319464,10.875094
1992-08-01,22.217102,13.684021,23.338316,41.940845,10.663259,15.386322,27.740438,8.427258,9.38564
1992-09-01,33.860077,40.12011,27.270088,29.181892,34.295525,18.580276,34.965504,30.895435,18.229317
1992-10-01,67.2999,44.779057,33.574005,41.80712,49.201344,45.058624,30.797352,39.29145,61.089844
1992-11-01,77.41354,51.341522,9.460846,14.876059,72.76617,21.987337,4.2911954,8.740261,53.51001
1992-12-01,115.97471,152.37436,159.96176,115.61023,106.27208,102.73259,212.59236,127.130394,122.26126
1993-01-01,33.03142,81.98779,37.36915,26.297373,20.591885,15.71716,30.923235,34.477108,18.056974
1993-02-01,76.87003,123.271545,45.920063,43.837402,35.03057,36.43764,61.094055,41.665382,37.574303
1993-03-01,72.761856,134.2776,43.338135,36.994095,43.538845,24.815464,29.881147,22.270727,30.885393
1993-04-01,31.229773,32.2808,10.6604595,9.636946,27.266838,14.591712,19.936958,6.2928247,21.931702
1993-05-01,56.108284,60.323574,41.893124,53.19142,39.027924,47.379192,90.10048,60.337612,44.245323
1993-06-01,0.07173856,16.528736,0.47463095,0.045975994,0.009098225,0.0,0.0,0.0,0.0
1993-07-01,0.069676764,1.7273538,0.0,0.0,0.0,0.0,0.24837737,0.0,0.0
1993-08-01,4.0060945,1.2495161,2.7902296,1.8349295,2.2078466,1.867985,1.823699,0.08423351,0.18326433
1993-09-01,38.92759,26.992752,25.417355,31.319048,57.96638,43.01559,18.230337,30.662605,48.51455
1993-10-01,135.57079,118.36065,77.274254,79.43442,135.5908,89.30953,80.79174,60.23562,128.77783
1993-11-01,119.29343,180.2607,142.67302,113.00788,109.83757,103.416824,215.16872,110.0733,103.15968
1993-12-01,71.302444,76.19168,57.876118,54.157196,46.820595,57.02431,148.83658,120.72551,64.40795
1994-01-01,101.410065,160.09315,66.90137,79.22209,88.10149,63.720345,84.42848,61.692772,79.67929
1994-02-01,151.10042,225.57458,51.634132,78.261795,86.7443,66.204025,43.785553,38.195103,77.69621
1994-03-01,0.40074274,1.0499742,2.9067283,0.5997997,0.040945947,0.62706953,6.040849,9.454776,0.25685185
1994-04-01,70.44325,93.61214,32.099293,36.04136,26.67972,48.444183,42.935143,29.134853,55.50497
1994-05-01,9.815505,21.730276,5.5810885,11.877642,4.8266478,11.313241,6.210213,4.6999187,4.7062535
1994-06-01,19.162457,28.764647,21.183022,25.805235,9.597425,17.048187,11.566068,12.112941,14.3381605
1994-07-01,14.951437,23.620298,26.644833,36.77316,3.9931524,18.512024,31.270409,12.299731,15.977833
1994-08-01,4.3586497,7.522062,6.6114855,5.9234223,0.0,14.710184,4.8159328,5.777404,2.2267766
1994-09-01,18.308167,36.665306,28.182602,20.112684,5.905702,25.468885,42.160908,37.308002,20.65891
1994-10-01,46.275024,117.143524,99.787285,64.85092,83.509254,45.26316,116.75966,100.23352,61.025967
1994-11-01,56.54885,66.42401,52.788864,53.924442,39.369045,53.31203,86.53084,55.052227,42.916897
1994-12-01,82.09088,67.6781,37.8177,49.34325,103.47874,63.40219,49.873802,64.7489,72.65253
1995-01-01,115.04571,111.646904,48.415955,31.054953,75.79674,25.62306,75.62086,48.556877,32.473915
1995-02-01,20.017334,49.708664,18.924181,14.138297,2.9698038,13.249235,42.80465,29.696136,9.640422
1995-03-01,68.532486,120.754364,47.92073,38.21889,52.03758,32.23575,35.107143,38.19217,41.263706
1995-04-01,52.744076,46.480923,21.595892,23.147463,57.20624,21.050938,21.228075,20.837076,31.215122
1995-05-01,16.225931,14.013001,17.851452,19.727942,14.709532,13.815746,23.597961,15.603677,8.280492
1995-06-01,2.42066,20.909687,4.0629363,3.3124835,1.3028848,0.7187438,0.0,0.0,0.85682255
1995-07-01,9.751386,7.571885,5.4925027,7.8428516,0.5511605,3.3556914,6.2580414,0.321918,5.492838
1995-08-01,51.48596,104.6426,64.056114,65.655685,31.229433,59.262848,35.669083,17.287,61.566536
1995-09-01,85.08945,62.18125,56.28016,55.15619,94.22007,54.506695,95.36374,62.50513,69.58372
1995-10-01,5.121572,23.144703,15.886116,13.761755,4.2053,11.026345,21.565893,22.64452,21.554283
1995-11-01,145.79315,191.14828,100.12886,107.246574,93.77321,97.34368,93.24728,78.81214,98.036736
1995-12-01,76.92091,121.28471,142.22568,115.39684,38.412853,95.179504,183.31192,124.04114,88.442566
1996-01-01,120.45173,290.831,180.0383,147.99698,78.60112,106.43107,150.94875,106.662865,94.14901
1996-02-01,147.27032,192.97205,188.3184,133.92096,103.71127,121.052635,296.1494,195.74973,126.45545
1996-03-01,136.04048,193.26102,139.70134,109.52897,134.6786,102.59479,162.3886,102.977615,120.1387
1996-04-01,43.104065,36.28636,20.29185,39.09654,54.44469,37.959576,28.093153,36.382374,35.358986
1996-05-01,61.039307,63.60823,30.911013,33.532684,71.53494,36.067425,19.075983,23.694082,55.557392
1996-06-01,50.853027,36.078026,41.512157,54.694813,16.958931,44.25326,25.007986,20.23237,30.635984
1996-07-01,9.224472,24.482212,14.756877,15.411699,0.58245534,5.1134195,17.797205,4.6297965,4.9067073
1996-08-01,27.547863,35.837986,34.29921,26.840086,15.2585535,24.809118,30.444569,14.13666,17.826342
1996-09-01,60.039078,96.52149,35.193478,33.160316,43.554066,25.795,40.92387,48.586174,36.92258
1996-10-01,157.29887,248.77467,86.5101,94.09597,101.06134,80.497375,79.48171,68.53981,85.9584
1996-11-01,52.961857,48.29872,19.347511,20.012049,49.14492,24.545328,18.99558,31.623148,45.359222
1996-12-01,208.79788,241.32991,132.39502,171.54745,131.35393,187.59174,170.72163,143.73503,155.43666
1997-01-01,60.180443,76.8501,57.246616,51.034344,45.463444,51.067474,81.36816,63.396847,36.049194
1997-02-01,30.168474,29.708275,20.686605,19.546795,30.85172,24.612707,44.71244,41.556885,29.045725
1997-03-01,32.530186,58.53693,45.39455,46.630478,17.47354,42.201256,60.199867,45.719196,28.441977
1997-04-01,49.746754,72.90467,33.988117,34.487232,37.798157,31.102179,34.893585,37.12421,32.852894
1997-05-01,16.983772,8.664263,16.31547,12.848141,3.8441088,21.86409,9.779663,7.625122,12.946322
1997-06-01,2.4954417,2.248551,3.4727025,2.5742762,2.2743778,2.5622773,4.5917153,5.1536117,1.3451283
1997-07-01,0.27363005,0.7858479,1.2394592,6.4074316,0.045271847,1.5819848,0.0,0.023207348,0.0055344156
1997-08-01,76.0975,64.58373,77.89089,80.593704,44.865692,40.832176,73.76012,49.136353,56.9967
1997-09-01,98.78242,139.69452,91.42403,84.28941,89.32434,78.19183,92.36537,118.98162,72.698265
1997-10-01,109.661964,151.30064,176.69019,170.64313,112.879585,168.45998,213.00322,140.40445,169.52231
1997-11-01,135.70514,160.92616,120.656654,102.9474,132.98149,95.32636,128.69174,119.34676,137.66087
1997-12-01,130.59167,98.05576,54.584248,50.608025,149.02501,70.05151,61.129135,65.62889,104.29779
1998-01-01,60.592495,74.10101,35.483303,25.703232,65.30392,29.045889,57.05353,45.92931,33.089188
1998-02-01,60.367294,46.493572,21.686508,34.976524,54.76575,32.5583,14.6953,13.196304,45.556335
1998-03-01,58.830868,60.177635,50.667953,37.99557,46.50155,38.68621,66.72513,51.06484,45.651085
1998-04-01,30.568338,45.541977,28.464586,25.473381,25.81671,33.135345,41.110744,29.33296,31.197205
1998-05-01,33.10128,27.842987,26.996391,28.69138,17.273945,23.97276,18.172276,8.019776,25.033293
1998-06-01,0.75605255,3.7629678,0.5998344,1.4578606,0.0,0.0,0.34143826,0.0,0.022486938
1998-07-01,0.22659919,0.120392434,0.079133585,0.54231143,0.06568061,0.0,0.0,0.0,0.0
1998-08-01,39.979317,18.694996,14.141056,35.960743,17.263422,15.8997,11.366554,5.2234716,5.035069
1998-09-01,62.620323,64.41377,51.251225,57.621643,61.507923,63.575577,57.90618,50.639553,44.367233
1998-10-01,93.67993,92.63135,52.757637,62.38484,106.84945,67.96848,24.722778,35.020332,81.04011
1998-11-01,76.56337,130.49634,52.03086,49.353123,70.608284,53.782127,47.694668,56.21944,58.715717
1998-12-01,81.92857,89.205246,50.073338,46.299168,83.72302,53.048306,48.464256,52.717304,61.925938
1999-01-01,103.4963,158.62717,61.24678,78.56103,66.468506,71.3678,51.87171,64.54772,70.63556
1999-02-01,43.919044,38.812096,18.443476,15.995798,46.40389,28.671804,20.945133,33.32778,40.59816
1999-03-01,48.471138,75.0711,48.957684,45.913937,29.785883,35.39039,36.07211,37.74615,29.67654
1999-04-01,27.676447,38.151894,10.832505,16.095762,19.777668,22.656853,7.5932446,6.54795,28.918016
1999-05-01,4.8173504,5.9168878,2.313011,1.9397684,3.8601034,2.377164,1.6912098,0.35902297,3.4293635
1999-06-01,1.6983112,13.95115,1.0212084,2.7430208,0.0,2.893388,0.0,0.0063608997,2.0641158
1999-07-01,17.864134,22.449509,12.793795,7.571997,14.189416,2.604841,14.927302,6.1263504,8.104726
1999-08-01,8.074999,22.28891,18.128733,22.487844,9.476266,10.467527,26.412855,15.934835,22.166725
1999-09-01,27.349888,59.545467,53.95077,44.590786,19.296738,23.229671,93.23405,45.985867,19.286095
1999-10-01,17.912605,31.507687,11.079293,9.434017,18.59604,13.6202755,17.183813,27.945082,20.85511
1999-11-01,133.43013,169.66943,211.57298,179.3663,137.96735,152.47032,272.85965,216.18538,108.55847
1999-12-01,82.186,102.269554,116.86158,85.00802,81.87476,75.365105,130.1158,130.99876,66.290306
2000-01-01,51.548584,197.23157,152.75374,103.33129,38.068554,68.58103,172.64713,113.73814,54.74007
2000-02-01,59.657978,60.883057,20.839752,13.558655,31.184345,12.750169,31.03678,18.426577,15.728244
2000-03-01,14.88479,22.79916,5.3313465,6.9000125,12.990558,5.4173274,4.2138944,2.4937766,8.2129
2000-04-01,64.84847,98.51124,51.46621,53.922417,35.057888,41.81484,55.209557,53.733402,40.62019
2000-05-01,33.91061,36.04612,24.969141,37.241615,17.346437,26.059223,25.683945,19.314808,17.086945
2000-06-01,12.806556,13.821036,11.169046,3.3149948,4.7529545,2.7351403,4.9044833,7.9993615,3.0523312
2000-07-01,1.9304689,0.32239556,0.042640693,0.0178438,0.23314838,0.024155254,2.451576,0.095576115,0.044502534
2000-08-01,3.6923845,0.08355474,1.9189781,0.093456045,0.95788324,0.43131787,7.430957,0.23852058,3.8986528
2000-09-01,58.93066,99.240974,48.63955,42.377834,64.468544,41.631344,63.9411,29.2405,39.59415
2000-10-01,71.37253,95.11295,81.505135,91.36848,58.0932,77.88496,74.16657,49.77317,77.57292
2000-11-01,69.448586,61.188286,38.796646,45.09069,71.83229,60.074944,26.885815,41.55343,69.028755
2000-12-01,92.01716,73.407524,83.858284,87.439445,103.463234,107.083336,108.12145,95.67354,142.61897
2001-01-01,138.55006,145.78261,110.84652,93.355736,129.89604,112.494545,91.098885,97.51362,122.9495
2001-02-01,95.633064,81.31325,32.482243,47.273304,91.46622,51.93795,28.367819,36.86342,47.492535
2001-03-01,23.44689,33.697998,19.109772,17.90947,14.3001,20.511477,13.163288,18.387932,22.465454
2001-04-01,70.0859,72.13014,20.076284,22.751093,44.46373,35.354267,22.971779,35.596,44.796402
2001-05-01,32.70715,65.72857,33.497227,24.680124,54.401287,25.303108,31.050877,38.162766,24.80046
2001-06-01,5.2662764,42.839226,4.5475287,1.7610221,0.052673668,1.4506376,1.4159254,0.5678703,1.2671009
2001-07-01,0.014505607,0.0009531582,0.0040181563,0.0,0.0,0.0,0.0,0.0,0.0
2001-08-01,11.836491,25.850052,31.182917,19.959198,1.1944159,6.3041377,39.900208,22.263702,13.322534
2001-09-01,18.777699,31.323769,8.916025,6.380246,25.491867,8.716175,1.3661424,6.1598697,11.93742
2001-10-01,9.140824,25.649725,5.741227,7.1102276,4.448088,2.8930333,3.4565268,3.5293887,6.967029
2001-11-01,80.04455,85.5795,39.374332,45.523396,78.03283,57.54689,47.6568,35.532597,75.99691
2001-12-01,87.860954,155.36534,51.883945,44.62229,64.39086,42.973686,65.82381,37.93967,51.46287
2002-01-01,51.572155,41.881676,49.141064,34.78184,38.358376,43.233883,45.447727,49.40718,50.712048
2002-02-01,23.854275,49.656185,36.350872,24.501078,15.6390295,13.231812,42.92966,19.365377,17.855305
2002-03-01,38.318386,63.281708,25.336208,35.31575,4.9803786,19.941746,27.40299,9.660523,13.668762
2002-04-01,51.494972,93.53178,54.604115,44.63463,33.81134,39.597584,27.25894,20.835602,47.932323
2002-05-01,66.20139,89.58153,40.325573,52.080574,43.972164,30.31759,27.784481,19.22874,38.384468
2002-06-01,13.903363,11.515789,2.7283113,4.4236193,8.075976,2.0333712,0.16454017,0.020349294,7.5273943
2002-07-01,28.913488,58.10047,19.441433,22.239967,7.298155,4.57563,7.8599215,1.3527158,8.7402
2002-08-01,19.264301,45.035686,25.342772,21.688848,24.320957,2.4079509,19.203947,12.940461,3.1392145
2002-09-01,39.932587,72.586395,28.546797,21.265043,29.833069,24.12864,46.710953,7.7769456,28.033632
2002-10-01,76.33227,69.69307,33.724392,49.07227,76.3943,48.06661,35.626198,58.194996,62.465107
2002-11-01,94.6344,105.90114,94.48204,74.68104,102.32365,72.61691,94.38437,96.88197,88.35732
2002-12-01,116.86709,167.34242,51.45575,71.685074,125.34217,77.43243,50.074097,70.60696,115.663246
2003-01-01,135.68716,145.34604,102.09621,83.21849,119.497505,91.96093,132.38478,123.626076,119.917595
2003-02-01,80.75972,102.62857,77.12321,62.912205,55.511597,50.169125,85.14639,74.04652,59.38683
2003-03-01,28.263391,39.321808,32.56945,34.562798,23.804947,27.223013,31.035135,25.2004,29.465996
2003-04-01,85.29733,110.444,90.72883,91.52611,61.553192,75.38931,95.16569,75.798706,73.8456
2003-05-01,9.865919,23.198742,8.463489,8.242385,7.504544,4.8005185,11.603414,3.8696098,4.6942472
2003-06-01,17.885792,26.498384,25.383942,40.016075,5.596181,15.8981285,16.022642,5.898329,10.036475
2003-07-01,1.3052635,0.14295565,0.18278828,0.0,0.011755724,0.018229533,0.0,0.0,0.69117886
2003-08-01,25.76376,39.80918,20.059095,18.177252,19.624205,14.483464,17.957169,7.5133295,10.196593
2003-09-01,91.98061,104.830864,139.74629,79.85975,101.064545,67.21648,262.2097,154.1539,96.865326
2003-10-01,111.70354,126.524506,115.173775,145.55525,81.67075,97.99529,64.21034,58.11294,97.38685
2003-11-01,90.16637,144.32907,110.14102,117.958565,125.90511,131.18628,88.43109,67.07783,115.17518
2003-12-01,139.36977,254.24973,160.11545,134.40019,108.72572,99.07022,115.20412,108.90835,119.7486
2004-01-01,74.89025,96.12709,28.05209,32.646297,57.103065,45.077854,24.442726,38.28025,46.956505
2004-02-01,34.425766,28.23952,14.883609,13.460923,25.175575,15.539056,7.596018,6.73115,21.907042
2004-03-01,103.1528,79.306656,51.853874,66.18714,105.67136,64.02257,35.908028,34.9266,81.86277
2004-04-01,97.48169,107.79401,80.71334,76.96185,73.25561,70.553665,114.528275,109.51535,67.41803
2004-05-01,25.052902,26.134983,21.323835,16.097858,20.821226,11.305126,15.600634,12.893414,11.410177
2004-06-01,51.837784,40.428844,19.248047,30.659307,47.007576,8.214108,5.3870134,4.7122216,24.694979
2004-07-01,16.625732,25.497272,28.849596,41.319786,13.92008,1.8697133,20.471571,9.295087,3.2952747
2004-08-01,0.025079247,2.5436337,1.6786218,0.5799628,0.09549449,0.035043724,0.0011558,0.0,0.114521995
2004-09-01,59.92025,78.88212,59.177433,53.774445,56.77589,48.91454,81.68098,64.27341,70.13765
2004-10-01,48.933525,30.269615,27.838999,30.08293,59.033855,49.43183,26.471897,42.602432,77.90129
2004-11-01,136.01715,174.01082,153.49132,117.587746,158.61388,132.39,138.11627,145.35114,151.84064
2004-12-01,187.63034,281.15997,201.68687,181.04659,227.71182,186.58055,190.00085,202.93787,210.66425
2005-01-01,92.00372,67.6719,51.411903,56.61652,96.04168,74.13823,54.19557,53.415688,91.23686
2005-02-01,78.75012,77.19817,70.62027,54.92149,85.71929,65.5697,122.06655,93.526566,85.56742
2005-03-01,64.14553,64.41831,33.280224,46.87827,47.342983,49.291965,30.797884,16.103428,54.37368
2005-04-01,146.75352,119.47904,88.172714,92.173584,117.79409,62.15837,64.47643,42.673912,83.459015
2005-05-01,20.394127,44.244728,24.385586,32.278877,8.732904,25.482086,24.263073,8.259891,13.49404
2005-06-01,34.01297,48.38564,50.58043,76.6427,19.294466,45.19756,33.32203,11.502492,24.920965
2005-07-01,7.9786105,4.630149,0.32230997,0.8143843,12.802206,0.64656764,0.18661962,0.49756312,1.3618958
2005-08-01,20.44934,21.144167,13.382035,15.370232,27.90583,10.856233,6.498281,5.2661915,19.537868
2005-09-01,42.066067,98.03498,51.16286,52.516354,19.077715,29.2106,40.67025,17.665981,14.690841
2005-10-01,71.827484,98.35539,68.4073,61.460274,80.7924,49.937103,70.388245,51.764683,34.382103
2005-11-01,61.03046,39.737278,34.66378,34.580154,90.38995,51.70664,39.499813,42.338806,70.76793
2005-12-01,165.99913,228.77487,206.77618,212.99509,108.3388,163.40298,240.84425,151.44917,135.92786
2006-01-01,94.61859,163.87279,114.50149,103.71929,85.86509,96.73668,139.60637,133.03392,97.60239
2006-02-01,91.35797,136.09189,115.32371,95.95987,57.483257,75.044044,134.62233,108.31066,74.642044
2006-03-01,60.93091,98.49215,27.287745,31.39379,31.318745,23.350418,14.109765,16.250153,30.778412
2006-04-01,41.861443,58.32191,32.11941,32.892765,21.576313,26.561594,17.705603,13.198375,30.742281
2006-05-01,11.807129,7.319435,5.2783613,4.061354,21.613028,2.9667,1.9679426,1.4769703,12.792897
2006-06-01,20.015968,26.534325,24.351904,24.448956,11.0365095,10.539927,20.787498,11.329545,12.769955
2006-07-01,21.75948,34.390324,31.788364,38.64185,9.434525,28.440346,47.033318,28.768984,14.952689
2006-08-01,4.7835236,30.255503,9.191239,7.9005184,6.692398,7.318776,6.219976,3.029341,5.6234884
2006-09-01,94.091,90.00199,37.798256,39.753643,96.9239,88.94887,37.262558,34.65987,115.865074
2006-10-01,37.45233,87.03657,97.45729,48.107178,55.790833,44.2126,116.13995,78.73648,56.720608
2006-11-01,33.387375,52.83979,66.48925,51.255997,29.110764,38.463055,98.74755,54.35482,38.889828
2006-12-01,81.05119,252.34415,177.61336,143.68526,107.28892,103.28057,152.15375,146.82329,107.68859
2007-01-01,22.737095,40.261097,7.583221,9.857697,18.790148,6.8729453,5.4774227,4.319567,10.565171
2007-02-01,76.252884,156.66458,46.413383,40.41596,77.38262,37.594677,30.35559,25.055227,41.202145
2007-03-01,164.65678,161.8732,173.73541,141.12685,138.06284,109.46223,190.31317,159.04976,120.58628
2007-04-01,80.09255,70.152336,54.739212,71.57837,65.59374,58.09512,44.251263,40.36395,61.73351
2007-05-01,16.267067,45.39871,10.226654,8.352274,10.972626,4.2981358,8.902953,6.741495,5.38006
2007-06-01,30.073414,46.012894,40.474564,32.529945,19.598038,35.04879,43.687317,35.71424,36.86485
2007-07-01,0.027963106,0.020172382,0.0,0.0,0.11094695,0.0,0.0,0.0,0.0
2007-08-01,0.03786194,0.7036077,0.0007236189,0.003795065,0.3568625,0.022778938,4.667287,6.382987,0.103377864
2007-09-01,60.312565,91.67579,60.48932,60.692432,77.12595,67.26899,40.18325,55.03205,63.47347
2007-10-01,103.66273,174.28862,116.72927,76.36797,92.72123,48.947456,85.27001,56.92032,44.85589
2007-11-01,110.55578,133.85742,109.472305,86.60798,108.06106,56.4897,104.671906,95.54339,84.14106
2007-12-01,95.26413,129.32756,136.46922,100.75764,91.309494,107.700294,170.63455,154.19109,117.08321
2008-01-01,45.472157,73.82725,49.732788,52.889973,22.459257,37.71805,59.89865,47.123856,30.650702
2008-02-01,25.223454,37.84342,38.360207,26.320154,24.733376,26.162916,27.055683,27.621477,26.749025
2008-03-01,99.93709,92.43457,51.183628,64.226616,89.876045,72.80286,45.53631,50.427288,88.24959
2008-04-01,16.795395,23.65682,36.03533,29.380621,31.238422,25.781128,39.59651,35.352177,27.86514
2008-05-01,12.144482,16.858793,24.080051,17.55487,8.195339,10.263876,17.584547,12.32686,6.7873178
2008-06-01,6.938012,13.917776,12.160972,16.209309,0.123162396,12.705779,8.287673,16.185717,4.4708467
2008-07-01,3.9087203,6.2094746,2.9394422,9.566005,1.6279508,4.0264277,1.7060701,0.6725332,1.2392237
2008-08-01,11.061686,11.549049,4.592669,14.633514,0.45707098,2.0371246,16.448732,0.72099996,0.9157384
2008-09-01,52.91711,93.771454,40.353947,23.808449,45.801506,15.975038,32.401768,23.992865,29.76157
2008-10-01,58.652695,78.155495,48.353863,52.30296,78.69369,39.385593,59.036205,46.916252,46.4696
2008-11-01,52.08748,158.8633,110.146614,87.78027,45.016308,65.72356,98.0745,102.41483,51.05955
2008-12-01,159.06557,324.81964,173.19228,170.87524,112.82011,159.6834,142.0684,140.71043,120.02796
2009-01-01,199.93839,293.69528,234.43375,226.89496,156.08519,233.70921,239.22353,224.54927,194.89255
2009-02-01,127.490746,99.18029,36.437675,51.281963,106.15044,73.04126,48.546402,60.401382,84.89198
2009-03-01,105.64134,118.700356,60.878693,66.59151,63.70627,78.202675,49.80308,54.256516,92.4831
2009-04-01,71.4681,83.47884,101.652275,82.70483,91.88868,54.597393,100.99719,99.319954,68.59232
2009-05-01,20.941303,27.794744,18.760073,24.977846,27.721025,14.788581,17.75601,18.305658,18.60719
2009-06-01,6.3863425,30.564232,9.758547,2.471808,6.1465034,1.3168112,3.3185635,0.0,0.75897235
2009-07-01,0.0023707626,3.2174206,4.8129396,3.9588268,0.0,2.2482955,5.792511,0.0,0.2739474
2009-08-01,21.380062,21.529966,23.770294,23.032534,4.3140087,12.059513,34.884136,12.560406,3.28169
2009-09-01,157.8478,191.23337,131.7899,137.44313,144.20956,89.2372,107.097565,94.41044,106.034775
2009-10-01,190.5373,210.1565,113.71967,100.389366,146.79637,133.68486,75.097595,73.37277,153.38156
2009-11-01,43.1487,45.21621,14.345714,17.198477,47.191868,28.378834,12.314231,17.447414,43.31111
2009-12-01,119.48471,126.7022,44.367805,42.43389,126.404465,47.56392,41.726013,41.983658,72.62119
2010-01-01,186.74475,217.356,166.18338,157.09236,128.34421,140.4995,162.32967,146.63597,148.55418
2010-02-01,125.4307,150.58348,90.861435,103.62651,87.04552,116.46529,77.1732,98.38716,115.272484
2010-03-01,108.61403,129.6317,111.6982,117.82061,62.170113,105.58744,125.56858,109.432175,97.93684
2010-04-01,53.12322,34.119892,21.0247,29.000404,50.621708,34.285698,19.6782,21.090496,41.151123
2010-05-01,19.720427,19.04488,7.1314116,11.216589,10.311756,9.842857,4.1511602,3.0798228,10.300599
2010-06-01,7.6656566,9.306001,6.6080346,4.202027,4.624408,5.2750845,5.4017124,3.8301551,6.2636395
2010-07-01,2.655653,26.421598,17.000143,3.9215403,0.933903,0.23368326,8.3746,3.8594067,1.4168695
2010-08-01,0.071376786,0.39724824,0.005971707,0.0,0.0,0.006370045,0.055691622,0.2958763,0.0
2010-09-01,105.96231,126.89499,92.18499,70.98141,104.77404,79.73075,103.25576,104.23938,81.79676
2010-10-01,128.47987,178.62468,113.1347,94.7033,100.748604,115.60577,168.55592,180.82643,119.095474
2010-11-01,58.580082,103.600266,56.670197,35.238537,58.93257,48.295288,43.91667,44.90545,58.023006
2010-12-01,37.20259,74.56843,49.342537,23.994955,40.37703,20.988363,36.128567,30.955284,26.60002
2011-01-01,57.058838,73.296036,81.545,50.327988,86.35509,59.341164,101.449036,75.91791,60.22345
2011-02-01,131.5682,187.47786,148.35419,123.11886,105.762856,115.450966,160.34593,125.020775,107.395805
2011-03-01,81.67322,158.39664,110.9678,93.95053,61.21775,97.63869,94.59712,86.526985,86.10966
2011-04-01,46.79649,99.5042,93.959045,58.91898,45.3399,33.69692,104.52942,70.58431,26.228264
2011-05-01,52.320904,73.03129,63.064545,59.368374,27.055502,47.028503,64.58477,38.102562,38.22601
2011-06-01,9.825565,16.242573,11.952126,18.412975,1.3766754,13.42513,12.094057,2.627323,5.12817
2011-07-01,0.5591883,1.8591065,0.012866098,0.0,1.8666183,0.0,0.0,0.0,0.028780498
2011-08-01,0.8487338,0.4255929,0.0,0.06110502,0.026462376,0.27586544,0.01031385,0.04158801,0.62021196
2011-09-01,51.47982,61.673283,57.500816,38.815235,29.07586,39.49734,60.566895,44.86754,36.45116
2011-10-01,101.44192,165.49265,122.15962,92.875114,95.962494,88.04243,88.069405,83.58823,90.29519
2011-11-01,49.830933,155.16351,92.50157,65.60555,33.698357,75.205315,213.83401,222.79231,66.62828
2011-12-01,112.86159,126.29516,57.177223,60.323135,87.68192,65.46097,97.08029,71.349464,99.89406
2012-01-01,66.90985,124.06702,98.326614,70.77585,47.39311,62.552025,113.16152,75.69022,54.777546
2012-02-01,147.57462,199.59483,162.68759,153.24806,90.68389,125.23684,178.8435,130.52792,114.99133
2012-03-01,70.1159,70.7128,79.32449,46.147774,30.117802,46.415916,137.72214,85.22156,46.500004
2012-04-01,74.29718,98.390686,67.13361,54.33857,46.983147,48.004356,44.01799,31.954271,56.97783
2012-05-01,23.865936,19.823294,11.042805,12.8536625,19.052301,9.401932,4.738869,0.79863834,7.6368036
2012-06-01,0.029242171,0.7394853,0.052725673,0.21877982,0.20331204,0.0,0.10037802,0.0,0.0
2012-07-01,10.685221,13.973807,8.8495245,14.053779,13.268643,3.7950735,18.90198,3.873705,2.757366
2012-08-01,0.038831,2.027269,5.3585334,0.004820663,1.4557265,0.0,15.035384,5.320103,0.0
2012-09-01,32.058563,34.907772,43.409683,32.349964,55.924755,44.45211,48.819763,42.31236,33.455452
2012-10-01,86.846695,51.254684,53.72654,59.533497,117.24299,87.22265,82.28104,84.88082,139.74615
2012-11-01,82.226326,97.04805,84.29921,86.60527,89.06556,90.790504,90.55491,73.06471,98.93869
2012-12-01,99.30004,138.80719,31.029009,41.846283,62.454807,50.12374,26.07827,31.15341,63.80098
2013-01-01,165.06953,128.43858,74.3148,92.78639,125.87702,112.02914,73.11382,88.96252,129.57594
2013-02-01,114.81322,92.862305,40.172684,50.316696,96.7577,70.815544,39.71254,67.20349,100.25835
2013-03-01,173.26239,162.69945,111.00668,123.119194,121.831116,132.10785,68.2659,68.40515,140.87488
2013-04-01,34.895157,49.94508,57.968224,56.374283,42.48418,49.790615,26.313309,29.858765,41.574135
2013-05-01,9.901061,6.4587617,3.1038673,4.397926,11.127967,6.68168,5.1285233,5.8776712,6.2512836
2013-06-01,0.6744055,2.6533983,0.007200176,0.0,1.1159195,0.0,0.10527066,0.97591305,0.0
2013-07-01,13.999973,12.056039,17.55314,28.215698,3.6175253,7.080307,20.904343,1.1891762,3.860544
2013-08-01,48.07248,63.112362,42.411827,52.49167,17.121927,32.55517,53.57213,12.879033,46.41678
2013-09-01,59.300003,79.075806,57.879658,63.57401,66.858246,57.02991,74.61573,45.363827,75.176025
2013-10-01,50.26616,58.543434,25.709034,23.75728,40.741493,26.930456,23.923042,41.618084,45.06574
2013-11-01,126.56472,104.85063,68.00116,76.82655,147.57106,110.544975,89.74833,108.76791,139.13211
2013-12-01,99.00364,92.771126,98.66511,86.08055,83.27519,79.96119,111.95443,96.66774,72.36056
2014-01-01,112.909645,106.82095,64.14246,81.29438,106.301796,100.4709,71.234474,85.08926,108.46229
2014-02-01,103.80298,121.83627,93.25273,81.84987,65.89105,70.106,92.73138,79.19493,71.98128
2014-03-01,127.057526,95.71235,67.182236,77.2503,125.67638,97.93504,58.382305,70.87549,119.25986
2014-04-01,102.03199,120.107635,34.93102,38.488506,80.811,39.49901,22.937092,19.977833,62.227203
2014-05-01,33.979145,28.298988,14.2942505,12.773713,28.503292,15.889661,21.301302,15.125758,23.846743
2014-06-01,10.492292,9.41583,15.01087,28.873175,2.7246912,17.36111,6.807556,0.26431966,14.9221
2014-07-01,2.1495042,8.157725,2.2701032,9.104039,1.0665258,4.179228,2.7178185,1.4886541,1.5496979
2014-08-01,0.7880876,2.0122325,4.522637,9.089618,0.4580121,0.05930467,3.7443874,0.042814754,0.0550996
2014-09-01,9.566621,53.17194,21.311913,12.410633,6.3147116,6.581599,25.023258,23.338537,4.3401465
2014-10-01,60.740467,109.74383,61.954197,56.12766,33.080944,29.949299,60.21891,36.11154,43.62297
2014-11-01,51.083153,184.09828,97.37769,57.475624,56.906853,46.728733,116.54372,71.21593,79.81919
2014-12-01,106.113335,89.7083,58.015915,66.78494,106.08778,65.08369,51.797665,28.808113,81.53575
2015-01-01,143.92253,183.08527,98.328575,111.786995,126.41084,106.590256,87.833664,102.62116,118.16237
2015-02-01,235.06306,210.39613,215.23758,205.18533,218.00392,244.14241,244.78905,207.42941,259.61743
2015-03-01,139.20538,178.73798,100.89635,96.80157,83.749374,86.42488,100.229065,62.514294,96.170685
2015-04-01,15.751271,42.51687,5.367935,9.320557,5.5448155,6.2709856,2.9443438,3.011327,7.225374
2015-05-01,55.76946,40.06271,23.733358,22.188757,13.363103,15.800077,8.822788,7.6549544,17.931229
2015-06-01,23.271835,29.56896,30.483208,35.698036,4.3528795,21.726295,26.041616,20.989944,9.464155
2015-07-01,9.444345,18.358124,23.17817,19.88139,0.37108096,4.350988,29.530514,3.8564556,4.030459
2015-08-01,40.9796,56.443745,49.29079,45.174397,28.995752,31.986732,31.56896,41.153545,34.170547
2015-09-01,75.177345,122.92189,83.21962,88.07257,59.297844,57.40764,95.67911,60.330807,54.891293
2015-10-01,182.42186,240.27556,140.97751,123.73456,179.04916,91.14233,91.76967,37.765606,141.78632
2015-11-01,101.59783,128.30193,90.73218,93.70368,81.35637,49.560394,78.977745,72.904724,55.89898
2015-12-01,8.630013,34.292545,14.180329,6.033644,4.8131223,3.010204,16.39897,5.292045,1.7090576
2016-01-01,78.07022,99.237595,35.99498,44.142647,51.16813,38.11081,20.150606,25.976421,50.05367
2016-02-01,49.384754,46.499374,23.676739,24.837349,48.16873,39.341953,18.661057,21.196766,52.24747
2016-03-01,110.00065,127.60094,69.112175,76.517166,110.64108,80.25377,51.428204,52.267803,95.45049
2016-04-01,20.270483,21.124912,10.684647,7.223385,17.744862,17.08664,4.660935,7.086945,28.620533
2016-05-01,34.917603,52.75366,21.167122,26.706959,42.38204,22.279829,12.363432,9.3213825,25.41999
2016-06-01,36.2408,30.26724,23.563667,30.678526,21.977118,32.46704,12.188428,21.0554,22.563456
2016-07-01,1.8357238,11.043107,0.0744406,0.24081527,0.5363847,0.0,1.6302671,0.0,0.13137177
2016-08-01,9.972708,30.110273,22.540396,23.611418,6.8981614,28.354118,26.021297,23.242882,9.179621
2016-09-01,49.63551,114.27002,90.04342,78.40301,25.516462,41.8385,124.317535,58.313198,34.544823
2016-10-01,64.79434,71.0699,41.46582,39.22939,54.527058,40.039936,54.086872,53.860657,48.91804
2016-11-01,98.437904,178.62515,87.24652,59.035385,84.77416,108.97222,111.2742,96.97207,160.38326
2016-12-01,30.85458,120.865036,113.243004,40.01409,21.431774,42.99605,109.70939,35.521236,33.239246
2017-01-01,163.90318,152.08035,141.31406,113.45768,209.04861,145.42761,204.63354,206.6273,214.288
2017-02-01,75.36952,76.32788,59.414635,61.708855,71.10833,81.1953,65.44938,61.37661,87.925644
2017-03-01,30.7588,60.136166,20.001722,30.091427,1.7857085,13.640497,12.7571125,8.567946,9.946753
2017-04-01,61.96231,39.039093,38.560314,36.947712,44.243877,40.102226,46.34953,43.956398,47.727146
2017-05-01,0.2598402,8.892007,4.3440347,2.3153389,0.0,0.23405707,14.33139,3.8275168,0.03314663
2017-06-01,6.782972,5.4921,1.8702846,2.5221558,2.0945206,7.600373,3.7737374,2.8137205,8.242905
2017-07-01,6.3878117,12.080881,6.084431,4.8657017,0.49439555,2.8648999,25.0336,10.683255,5.465036
2017-08-01,0.010272246,0.21141921,1.5164845,0.09725798,0.026228042,0.0,3.5818598,0.22385384,0.029600697
2017-09-01,61.964596,72.54546,59.926117,50.761177,46.069492,40.070557,81.020935,53.18857,48.712624
2017-10-01,25.936924,58.93629,48.78342,25.745516,31.956137,18.84433,105.16018,81.66456,17.67605
2017-11-01,86.644485,93.888016,67.12784,72.35904,99.65138,89.98175,85.95044,112.36091,84.55869
2017-12-01,56.806866,73.25502,25.818218,30.25609,53.117893,33.516315,30.59167,29.820343,46.55583
2018-01-01,50.339024,56.59875,29.161844,32.47385,27.719648,36.339737,37.437553,34.52341,53.020508
2018-02-01,192.35985,199.83553,98.17775,106.62014,244.45764,123.15995,114.83186,105.67662,164.81676
2018-03-01,88.526024,95.90814,55.748802,62.35593,93.08941,48.955475,44.97249,40.631554,77.5173
2018-04-01,28.778944,18.563883,19.65713,39.997448,27.91207,23.23653,7.257252,5.857515,20.954058
2018-05-01,53.161526,27.414326,21.51116,29.681248,32.70035,27.034319,23.94752,13.9905815,37.728085
2018-06-01,60.131145,84.19424,60.76182,77.47684,30.886599,67.93081,49.728138,60.668156,50.246204
2018-07-01,0.80383843,3.1074872,1.5658635,1.5038189,0.09892554,0.13027662,5.0637894,0.0,0.2938067
2018-08-01,104.089714,115.43197,98.74247,124.05662,47.82522,60.52952,101.682755,37.466274,49.868732
2018-09-01,53.960125,43.671585,43.945107,53.64519,55.522346,54.031708,48.18333,15.909301,59.006966
2018-10-01,123.540016,209.75487,240.73866,201.22408,107.30375,174.71921,292.17303,221.96278,139.47058
2018-11-01,180.82,157.6466,79.61062,74.157776,197.89053,118.428085,73.5905,54.23192,197.03577
2018-12-01,59.28388,71.76721,24.693485,29.08136,29.746754,36.871983,37.50087,29.9396,35.383896
2019-01-01,116.119484,115.15685,48.71676,67.18006,108.809944,70.22273,46.772667,59.27473,94.67926
2019-02-01,42.648865,101.236984,66.105415,33.935047,20.12444,19.55053,97.3028,28.085886,12.584528
2019-03-01,59.480507,54.85426,19.508541,27.456182,31.291868,45.823727,18.277979,21.740896,53.90392
2019-04-01,46.210007,74.59928,56.821175,48.32766,37.6872,44.898636,57.51404,26.355785,41.720455
2019-05-01,52.707806,69.63283,52.79492,38.789124,65.366455,30.705181,46.23141,34.378082,37.358776
2019-06-01,1.0386827,5.7745514,9.200107,9.76904,0.73260695,5.161278,5.9075646,1.1921362,2.663739
2019-07-01,5.4137197,32.002373,20.096533,7.1352196,4.4551477,0.7667495,20.425146,1.8362014,1.6239775
2019-08-01,22.034433,27.219584,19.28826,36.078087,8.748143,6.011712,32.628258,10.098284,2.9556108
2019-09-01,62.043026,54.913662,71.419044,74.74051,34.660652,34.89404,40.23341,36.567383,54.957172
2019-10-01,67.420845,84.46309,129.83952,80.73919,87.311134,73.57974,245.44397,129.24489,89.25059
2019-11-01,178.78261,199.96834,192.22606,211.58714,153.17462,248.45491,171.13022,221.15282,237.09727
2019-12-01,94.95413,95.52446,45.782276,44.22296,62.382088,73.210594,86.04097,56.593197,96.63157
2020-01-01,1.8733615,26.796549,15.508046,8.274214,0.5170934,3.5234787,10.942145,4.4320555,1.2718059
2020-02-01,5.6420016,17.144281,7.069537,6.690651,1.7389127,2.569398,3.4758873,2.9466832,2.3099754
2020-03-01,126.56766,158.56721,123.52852,94.49255,113.79801,116.061134,159.722,109.23847,123.85042
2020-04-01,20.819527,21.270674,18.956976,15.726538,22.981962,11.919735,25.165022,13.892192,17.55017
2020-05-01,8.308804,19.769953,5.3540516,6.4121737,8.323726,9.008487,15.428311,16.127396,6.993966
2020-06-01,18.520445,28.46621,12.101684,13.516151,20.584072,5.9648323,7.445356,1.7060732,7.6783667
2020-07-01,11.890946,57.28593,41.20735,29.960125,0.475112,11.154908,33.85694,20.34216,2.2251086
2020-08-01,6.7654033,23.794302,6.3700914,11.959379,1.2464886,0.6129081,2.162872,0.0,1.2615852
2020-09-01,67.546684,59.815815,63.31959,54.358646,57.259647,43.01443,75.73854,41.037037,61.310772
2020-10-01,36.227272,53.16835,38.666275,37.433857,33.437523,26.611017,29.302887,27.104029,29.998083
2020-11-01,73.10234,116.707184,132.31792,70.2448,39.37377,68.80724,99.542076,52.78803,51.728603
2020-12-01,151.63034,147.81041,92.77851,96.10119,163.00854,106.68468,74.22297,77.84118,149.36952
2021-01-01,91.33122,62.694103,34.533627,42.236588,75.38621,53.815247,38.2168,44.178947,65.193375
2021-02-01,62.191322,42.9526,20.33448,28.220135,39.73766,40.0001,18.724443,20.208656,44.470654
2021-03-01,86.46796,115.2176,62.958233,65.441,88.67048,53.774902,40.09498,32.30566,60.125004
2021-04-01,43.716324,64.04823,24.32716,25.524035,33.49981,25.524548,10.524253,7.067037,29.46144
2021-05-01,6.944768,10.071235,2.0533206,3.2744732,4.1017694,2.7274275,0.4495322,0.0,2.56321
2021-06-01,6.31951,18.256416,14.627837,11.597582,7.150881,10.032651,17.049477,7.355101,8.527522
2021-07-01,22.400898,35.2406,3.3380263,1.6322381,11.002559,0.46586612,2.55462,0.14248066,7.881886
2021-08-01,0.16677739,8.094507,1.7394097,1.1770328,0.0,0.005391393,2.2587416,0.6576315,0.023262197
2021-09-01,45.411427,54.52989,46.386497,45.446815,48.109802,34.60295,53.37828,31.771566,35.735985
2021-10-01,151.90636,276.57104,272.21408,185.19676,148.08679,143.51648,278.74704,168.46213,122.75636
2021-11-01,254.60515,169.19798,137.51791,170.30043,262.9014,218.9456,165.27939,126.943565,302.28586
2021-12-01,146.94397,108.40824,46.036953,59.40437,120.19009,69.374115,40.985474,52.183685,103.67969
2022-01-01,69.77741,96.22222,16.070736,31.07812,23.821135,25.34767,20.896288,12.594692,23.277735
2022-02-01,35.54197,75.6435,11.559314,14.261121,16.385311,12.188693,4.9289885,2.7178602,19.451601
2022-03-01,42.75804,59.520863,37.785797,28.214275,36.8248,33.528687,37.379025,35.189774,38.901443
2022-04-01,27.975092,26.071035,9.804076,8.7815485,17.706207,7.77966,11.351681,4.700926,11.039581
2022-05-01,62.061638,53.032185,47.39828,46.555626,52.874725,53.83198,51.623753,53.8616,64.83003
2022-06-01,3.964443,15.080395,4.2709227,5.778781,0.19295053,8.181242,3.0297709,11.442293,3.1987827
2022-07-01,0.03714173,0.058787618,0.45485255,0.11604293,0.0,0.0,0.0,0.0,0.3316769
2022-08-01,36.331738,71.67508,58.485157,68.605934,25.168303,35.504482,82.74344,47.253586,25.338732
2022-09-01,62.99096,30.249205,45.899113,42.75847,118.93081,44.793503,42.196564,43.849895,61.2684
2022-10-01,55.708725,40.020615,33.96214,38.515133,85.741875,40.77011,32.34437,28.91457,65.31023
2022-11-01,119.68173,138.74501,108.74943,81.39032,103.896484,104.325615,131.61798,128.84296,120.88329
2022-12-01,30.409855,53.03223,20.218048,21.090748,24.656704,27.23525,17.913063,30.890337,34.52566
2023-01-01,76.304535,89.01937,42.291016,46.26433,87.54954,48.251785,40.033916,34.862606,78.550316
2023-02-01,54.791866,53.181385,147.19461,78.8667,42.237892,58.361767,309.36,217.22798,58.34029
2023-03-01,51.368305,41.899952,29.105387,38.961285,49.019382,40.51083,17.781998,18.941383,52.78511
2023-04-01,63.08655,126.31555,25.350887,25.760017,34.934063,25.29875,21.659521,21.640585,27.34962
2023-05-01,115.0513,201.574,133.62599,147.06874,87.71414,98.70475,76.64973,73.099754,81.38068
2023-06-01,48.630173,91.787865,39.7075,43.74475,27.578705,23.849257,44.948643,15.539975,27.509361
2023-07-01,0.0,0.9374778,0.017372103,0.0,0.0,0.0,0.0,0.0,0.0
2023-08-01,18.11599,16.478838,9.8135605,16.641865,10.292342,18.636099,8.41677,8.732651,20.096767
2023-09-01,38.781006,62.09426,26.268211,24.9877,25.437742,11.927941,37.482193,16.181835,18.048891
2023-10-01,4.393582,8.351311,6.4823413,6.493523,6.733402,2.594923,5.930717,9.181173,7.626141
2023-11-01,54.702633,74.89311,50.777634,55.995846,57.209785,53.90705,55.672283,61.118378,62.05161
2023-12-01,33.306076,37.18076,16.426535,15.632839,21.1255,16.483685,30.91804,20.89876,18.24154
2024-01-01,75.40321,82.06087,63.792145,50.677254,82.848175,72.841255,71.01067,90.64013,98.770546
2024-02-01,75.32439,92.8717,57.863884,53.880474,66.96554,55.98042,52.67142,37.534653,67.75077
2024-03-01,36.21628,48.27561,14.22497,12.284039,32.72376,16.640177,13.911114,18.562529,26.119423
2024-04-01,24.17356,34.35301,15.003026,23.382538,12.46774,23.232525,9.813252,10.054058,22.28475
2024-05-01,37.853527,42.087337,21.443434,17.525314,22.172646,25.178322,27.244083,19.506546,34.211365
2024-06-01,3.7762303,7.3503766,1.551792,7.044068,2.4428775,4.5140886,0.39286855,0.12508683,2.8246956
2024-07-01,0.40990806,9.0288,0.7101902,0.007265152,0.01183005,0.0,0.4691019,0.20954648,0.008170588
2024-08-01,26.962006,38.78923,15.549201,19.059847,9.599927,16.685804,21.39834,18.165327,15.78398
2024-09-01,43.792866,70.12817,32.973263,40.95011,48.982292,45.79449,28.14001,33.777077,49.397896
2024-10-01,34.724957,77.25466,44.101097,50.283573,38.078022,59.5565,41.688797,40.26087,41.764866
2024-11-01,43.215866,132.9985,90.40242,35.398365,62.59297,39.91178,62.53363,35.16743,50.428493
2024-12-01,122.604164,160.15213,39.227085,56.149387,99.635574,60.033165,27.409344,25.663843,75.232414
